track_id,song_name,artist_name,artist_id,album_name,duration_ms,popularity,added_at,artist_genres,spotify_url,release_year,artist_followers,genres,album_total_tracks,artist_popularity,tempo,energy,key,mode,time_signature,speechiness,danceability,valence,acousticness,liveness,instrumentalness,loudness
22BH6K8RlpwNzIINvWS4Jj,(Not) The One,Bebe Rexha,64M6ah0SkkRsnPGtGiRAbb,All Your Fault: Pt. 2,181674,44,2026,,https://open.spotify.com/track/22BH6K8RlpwNzIINvWS4Jj,2017,9009684.0,"['dance pop', 'pop']",6.0,76.0,97.935,0.731,8.0,1.0,4.0,0.116,0.61,0.724,0.0281,0.272,0.0,-5.187
0vQkcuwAFnIuYmIQRCYNA8,Get Me Litt,"Tyga, YG",5LHRHt1k9lMyONurDHEdrp,Hit Me When U Leave The Klub: The Playlist,134400,36,2026,,https://open.spotify.com/track/0vQkcuwAFnIuYmIQRCYNA8,2023,6784058.0,"['hip hop', 'pop rap', 'rap', 'southern hip hop', 'trap']",14.0,75.0,98.9,0.584,4.0,1.0,4.0,0.318,0.682,0.677,0.036,0.129,0.0,-7.92
77U6kcldLRFl9vCfaw11Sr,Champagne & Sunshine,"PLVTINUM, Tarro",4V2pR2iSd1g0RZCglrP3jn,Champagne & Sunshine,196363,73,2026,dark r&b,https://open.spotify.com/track/77U6kcldLRFl9vCfaw11Sr,2016,328074.0,['dark r&b'],1.0,57.0,109.961,0.522,5.0,0.0,4.0,0.0704,0.607,0.265,0.0553,0.0909,0.0,-10.028
03tqyYWC9Um2ZqU0ZN849H,No Hands (feat. Roscoe Dash & Wale),"Waka Flocka Flame, Roscoe Dash, Wale",6f4XkbvYlXMH0QgVRzW0sM,Flockaveli,263773,86,2026,,https://open.spotify.com/track/03tqyYWC9Um2ZqU0ZN849H,2010,2649008.0,"['atl hip hop', 'dirty south rap', 'pop rap', 'rap', 'southern hip hop', 'trap']",17.0,62.0,131.497,0.595,1.0,1.0,4.0,0.0391,0.76,0.361,0.00544,0.241,0.0,-6.366
5HrIcZOo1DysX53qDRlRnt,Shoong! (feat. LISA of BLACKPINK),"TAEYANG, LISA",6udveWUgX4vu75FF0DTrXV,Down to Earth,205101,63,2026,k-pop,https://open.spotify.com/track/5HrIcZOo1DysX53qDRlRnt,2023,1365246.0,"['k-pop', 'korean r&b']",6.0,59.0,110.01,0.699,11.0,0.0,4.0,0.0554,0.763,0.255,0.00789,0.409,0.0,-6.118
1Bhm5HNO1cq8olDbBmokyL,Copines,Aya Nakamura,7IlRNXHjoOCgEAWN5qYksg,NAKAMURA,171720,86,2026,french r&b; pop urbaine,https://open.spotify.com/track/1Bhm5HNO1cq8olDbBmokyL,2018,4493003.0,"['basshall', 'pop urbaine', 'r&b francais']",13.0,69.0,180.027,0.787,8.0,0.0,4.0,0.0855,0.701,0.904,0.27,0.105,0.0,-3.941
0TYhf0MgEj4YJaKwo5c4Km,Wicked Games,Kiana Ledé,7jZMxhsB8djyIbYmoiJSTs,Selfless,181266,65,2026,,https://open.spotify.com/track/0TYhf0MgEj4YJaKwo5c4Km,2018,1673372.0,"['pop r&b', 'r&b']",7.0,57.0,72.973,0.435,1.0,0.0,3.0,0.0599,0.789,0.456,0.447,0.135,0.0,-7.042
3Zt0VZcBR4DGmuEzpJh7PR,Candyman,Flyana Boss,0CLW5934vy2XusynS1px1S,Candyman,172115,48,2026,,https://open.spotify.com/track/3Zt0VZcBR4DGmuEzpJh7PR,2024,182659.0,['trap queen'],1.0,51.0,166.006,0.58,1.0,1.0,4.0,0.0806,0.748,0.246,0.0396,0.101,0.0,-4.994
7t2bFihaDvhIrd2gn2CWJO,"Or Nah (feat. The Weeknd, Wiz Khalifa & DJ Mustard) - Remix","Ty Dolla $ign, The Weeknd, Wiz Khalifa, Mustard",7c0XG5cIJTrrAgEC3ULPiq,"Or Nah (feat. The Weeknd, Wiz Khalifa & DJ Mustard) [Remix]",242983,84,2026,trap soul,https://open.spotify.com/track/7t2bFihaDvhIrd2gn2CWJO,2014,5199207.0,"['hip hop', 'pop rap', 'r&b', 'southern hip hop', 'trap', 'trap soul']",1.0,83.0,121.97,0.33,1.0,0.0,4.0,0.1,0.805,0.211,0.22,0.105,0.0,-8.712
4RKJRRd4VJfZWiqQTYsleE,Already Best Friends (feat. Chris Brown),"Jack Harlow, Chris Brown",2LIk90788K0zvyj2JJVwkJ,Thats What They All Say,197031,68,2026,,https://open.spotify.com/track/4RKJRRd4VJfZWiqQTYsleE,2020,3736563.0,"['deep underground hip hop', 'kentucky hip hop', 'pop rap', 'rap']",15.0,79.0,103.005,0.575,10.0,0.0,4.0,0.0702,0.873,0.872,0.0891,0.108,0.0,-7.284
3j84U36KvLeXNDPv4t5pI8,Pure Water (with Migos),"Mustard, Migos",0YinUQ50QDB7ZxSCLyQ40k,Perfect Ten,192470,78,2026,,https://open.spotify.com/track/3j84U36KvLeXNDPv4t5pI8,2019,1172707.0,"['cali rap', 'pop rap', 'rap', 'southern hip hop', 'trap']",10.0,67.0,202.015,0.559,0.0,1.0,4.0,0.127,0.682,0.137,0.174,0.344,0.0,-5.545
6LxSe8YmdPxy095Ux6znaQ,Headlines,Drake,3TVXtAsR1Inumwj472S9r4,Take Care (Deluxe),235986,88,2026,rap,https://open.spotify.com/track/6LxSe8YmdPxy095Ux6znaQ,2011,86988887.0,"['canadian hip hop', 'canadian pop', 'hip hop', 'pop rap', 'rap']",19.0,93.0,151.894,0.566,6.0,0.0,4.0,0.106,0.636,0.425,0.365,0.0917,0.000353,-7.16
7gXiPiffMrqPe3Q1vzD6uM,拿走了什麼,A-Lin,28gf2piFx6cAKOMIwcky5a,罪惡感,296573,62,2026,mandopop; taiwanese pop; c-pop; gufeng; malay pop,https://open.spotify.com/track/7gXiPiffMrqPe3Q1vzD6uM,2014,917585.0,['mandopop'],10.0,54.0,75.014,0.29,0.0,1.0,4.0,0.0293,0.529,0.286,0.745,0.359,0.0,-10.739
1e8J3XClxZbFmvIHLI8CE4,IDOL,BTS,3Nrfpe0tUJi4K4DXYWgMUX,Love Yourself 結 'Answer',222732,80,2026,k-pop,https://open.spotify.com/track/1e8J3XClxZbFmvIHLI8CE4,2018,72592415.0,"['k-pop', 'k-pop boy group', 'pop']",26.0,83.0,126.035,0.855,9.0,1.0,4.0,0.118,0.733,0.42,0.00481,0.123,0.0,-3.211
1BuZAIO8WZpavWVbbq3Lci,Powerglide (feat. Juicy J) - From SR3MM,"Rae Sremmurd, Swae Lee, Slim Jxmmi, Juicy J",7iZtZyCzp3LItcw1wtPI3D,SR3MM,332300,66,2026,,https://open.spotify.com/track/1BuZAIO8WZpavWVbbq3Lci,2018,7355384.0,"['melodic rap', 'mississippi hip hop', 'pop rap', 'rap', 'trap']",27.0,67.0,173.948,0.831,1.0,0.0,4.0,0.15,0.713,0.584,0.0168,0.118,0.0,-4.75
5lje0ODDPqwx5x9TLYwUfv,Overdose,Vin Jay,2DQkr7ZMTqNrlz5HcXZeI7,Prophecy,180869,37,2026,,https://open.spotify.com/track/5lje0ODDPqwx5x9TLYwUfv,2020,112251.0,['nyc rap'],16.0,49.0,138.081,0.816,9.0,1.0,4.0,0.0866,0.783,0.607,0.346,0.128,0.00015,-5.769
5uqphUYsR45kPYplrYSAQh,Throw Sum Mo,"Rae Sremmurd, Nicki Minaj, Young Thug",7iZtZyCzp3LItcw1wtPI3D,SremmLife,260453,68,2026,,https://open.spotify.com/track/5uqphUYsR45kPYplrYSAQh,2015,7355384.0,"['melodic rap', 'mississippi hip hop', 'pop rap', 'rap', 'trap']",11.0,67.0,142.062,0.627,6.0,0.0,4.0,0.13,0.859,0.594,0.0388,0.101,0.000202,-7.91
4qdHoLbbIDaaWytfsBK62p,Booty Dancer,Tyga,5LHRHt1k9lMyONurDHEdrp,Booty Dancer,140982,50,2026,,https://open.spotify.com/track/4qdHoLbbIDaaWytfsBK62p,2022,6784058.0,"['hip hop', 'pop rap', 'rap', 'southern hip hop', 'trap']",1.0,75.0,110.002,0.496,1.0,1.0,4.0,0.0853,0.746,0.12,0.00277,0.158,0.0,-4.343
1ruGTdtJpY6GVuJuWhYI5Q,Stuck On Stupid,Chris Brown,7bXgB6jMjp9ATFy66eO08Z,Fortune (Expanded Edition),238946,45,2026,r&b,https://open.spotify.com/track/1ruGTdtJpY6GVuJuWhYI5Q,2012,21475109.0,"['r&b', 'rap']",22.0,84.0,81.981,0.72,1.0,1.0,4.0,0.0377,0.516,0.376,0.00801,0.109,0.0,-6.253
0rNLaGUleZ91DXMxmZNq5v,Fireworks (I'm The One),ATEEZ,68KmkJeZGfwe1OUaivBa2L,ZERO : FEVER Part.2,209574,62,2026,k-pop; noise music,https://open.spotify.com/track/0rNLaGUleZ91DXMxmZNq5v,2021,3856504.0,"['k-pop', 'k-pop boy group']",7.0,69.0,130.036,0.904,0.0,1.0,4.0,0.0872,0.724,0.728,0.0419,0.163,4.79e-06,-3.815
3IXSxojIjh3YuVK53HJQUN,LOVE ME LIKE,OMEGA X,2FJYWlqgtoiBtXpOy9GGIF,LOVE ME LIKE,174386,47,2026,k-pop; noise music,https://open.spotify.com/track/3IXSxojIjh3YuVK53HJQUN,2022,249576.0,['k-pop'],5.0,40.0,97.959,0.835,6.0,1.0,4.0,0.0472,0.711,0.543,0.0338,0.329,5.65e-06,-2.204
1Sftw4WKhFJGv7qQXlse4Y,Double Knot,Stray Kids,2dIgFjalVxs4ThymZ67YCE,SKZ2020,191546,59,2026,k-pop; noise music,https://open.spotify.com/track/1Sftw4WKhFJGv7qQXlse4Y,2020,15173090.0,"['k-pop', 'k-pop boy group', 'pop']",24.0,79.0,146.944,0.738,5.0,0.0,4.0,0.365,0.752,0.585,0.0541,0.526,0.0,-5.341
56s9OQ9s0YX3U0JncipqLU,Empty Room,Jamie Miller,2LkkwxA19J8C52wPQl5bG6,The Things I Left Unsaid,184746,61,2026,,https://open.spotify.com/track/56s9OQ9s0YX3U0JncipqLU,2023,595506.0,"['pop soul', 'singer-songwriter pop']",6.0,63.0,86.281,0.416,4.0,1.0,4.0,0.0398,0.599,0.29,0.592,0.134,0.0,-7.017
1edKrqk7YCriloCaIi7ooC,一時的選擇,JJ Lin,7Dx7RhX0mFuXhCOUgB01uM,重拾_快樂,237499,41,2026,mandopop; c-pop; taiwanese pop; malay pop,https://open.spotify.com/track/1edKrqk7YCriloCaIi7ooC,2023,2973664.0,"['mandopop', 'singaporean mandopop', 'singaporean pop']",12.0,62.0,129.392,0.381,4.0,1.0,4.0,0.032,0.441,0.245,0.749,0.12,0.0,-8.169
7CGB43FkEomSXAtnTNLC9n,Zurna,"TroyBoi, Jon Casey",0tvpihdAsKiNnP6sWS3jUI,Zurna,159310,50,2026,edm trap,https://open.spotify.com/track/7CGB43FkEomSXAtnTNLC9n,2023,401387.0,['electronic trap'],1.0,54.0,145.03,0.53,8.0,1.0,4.0,0.279,0.552,0.843,0.041,0.553,0.293,-6.555
2hHPU9YQKYOLbMGmSbk4Ic,Under the Radar,Mykyl,42Gj65Q4XQ9hMhLQE5hi7r,Under the Radar,190760,45,2026,,https://open.spotify.com/track/2hHPU9YQKYOLbMGmSbk4Ic,2021,4938.0,[],1.0,41.0,92.032,0.45,11.0,1.0,4.0,0.124,0.607,0.494,0.328,0.0894,0.0,-12.493
0k0GtcnyQLMiXrdEDbLXmJ,Please Don't Change (feat. DJ Snake),"Jung Kook, DJ Snake",6HaGTQPmzraVmaVxvz6EUc,GOLDEN,146684,76,2026,k-pop,https://open.spotify.com/track/0k0GtcnyQLMiXrdEDbLXmJ,2023,14032903.0,['k-pop'],11.0,83.0,114.878,0.743,11.0,1.0,4.0,0.174,0.797,0.768,0.164,0.164,1.2e-06,-6.005
2y6Ty2NPAsP84XJAtzLxuk,Chicken Noodle Soup (feat. Becky G),"j-hope, Becky G",0b1sIQumIAsNbqAoIClSpy,Chicken Noodle Soup (feat. Becky G),235497,67,2026,k-pop; k-rap,https://open.spotify.com/track/2y6Ty2NPAsP84XJAtzLxuk,2019,17339467.0,"['k-pop', 'k-rap']",1.0,74.0,97.008,0.817,2.0,1.0,4.0,0.0953,0.827,0.167,0.00496,0.294,1.19e-05,-4.081
7E1dQbOk1qcx9gEPUMBKsk,Maria,Justin Bieber,1uNFoZAHBGtllmzznpCI3s,Believe (Deluxe Edition),248293,76,2026,,https://open.spotify.com/track/7E1dQbOk1qcx9gEPUMBKsk,2012,74608422.0,"['canadian pop', 'pop']",17.0,86.0,111.002,0.687,6.0,0.0,4.0,0.0414,0.825,0.294,0.00997,0.19,1.32e-05,-6.794
27GmP9AWRs744SzKcpJsTZ,Jumpman,"Drake, Future",3TVXtAsR1Inumwj472S9r4,What A Time To Be Alive,205879,72,2026,rap,https://open.spotify.com/track/27GmP9AWRs744SzKcpJsTZ,2015,86988887.0,"['canadian hip hop', 'canadian pop', 'hip hop', 'pop rap', 'rap']",11.0,93.0,142.079,0.553,1.0,1.0,4.0,0.187,0.852,0.656,0.0559,0.332,0.0,-7.286
46NBoIAHrmR7qcUGCIFEjR,This One's for You (feat. Zara Larsson) (Official Song UEFA EURO 2016),"David Guetta, Zara Larsson",1Cs0zKBU1kc0i8ypK3B9ai,This One's for You (feat. Zara Larsson) [Official Song UEFA EURO 2016],207272,76,2026,edm,https://open.spotify.com/track/46NBoIAHrmR7qcUGCIFEjR,2016,25391073.0,"['big room', 'dance pop', 'edm', 'pop', 'pop dance']",1.0,85.0,110.169,0.915,9.0,0.0,4.0,0.0488,0.367,0.365,0.0022,0.0905,5.81e-05,-3.456
72Bz4ciRZPBcVSw0nrZDHi,Do It Again,"Pia Mia, Chris Brown, Tyga",1BhWF9W2PngtPSyobKg0rP,Do It Again,207746,75,2026,,https://open.spotify.com/track/72Bz4ciRZPBcVSw0nrZDHi,2015,1944273.0,"['dance pop', 'pop', 'post-teen pop']",1.0,53.0,95.95,0.564,8.0,1.0,4.0,0.047,0.712,0.411,0.0266,0.0874,0.0,-6.527
3qhlB30KknSejmIvZZLjOD,End of Beginning,Djo,5p9HO3XC5P3BLxJs5Mtrhm,DECIDE,159245,96,2026,,https://open.spotify.com/track/3qhlB30KknSejmIvZZLjOD,2022,1275464.0,"['pov: indie', 'psychedelic pop']",13.0,78.0,159.982,0.454,2.0,1.0,4.0,0.0584,0.689,0.912,0.0351,0.0707,0.00259,-7.643
0muK9BAzu2TJXQgWPsEj6e,Separate Ways (Worlds Apart) - Bryce Miller/Alloy Tracks Remix,"Journey, Steve Perry",0rvjqX7ttXeg3mTy8Xscbt,Separate Ways (Worlds Apart) [Bryce Miller/Alloy Tracks Remix],165074,62,2026,aor; classic rock,https://open.spotify.com/track/0muK9BAzu2TJXQgWPsEj6e,2022,5402839.0,"['album rock', 'classic rock', 'hard rock', 'heartland rock', 'mellow gold', 'rock', 'soft rock']",1.0,70.0,129.992,0.569,2.0,1.0,4.0,0.044,0.43,0.0668,0.0115,0.163,0.0134,-9.274
0B0Xu2ih8fWpcwyxAt1c7m,Blackout,"Joyner Lucas, Future",6C1ohJrd5VydigQtaGy5Wa,Blackout,196569,52,2025,,https://open.spotify.com/track/0B0Xu2ih8fWpcwyxAt1c7m,2023,2213300.0,"['boston hip hop', 'hip hop', 'pop rap', 'rap']",1.0,69.0,152.094,0.471,1.0,0.0,4.0,0.32,0.811,0.415,0.012,0.0951,0.0,-7.125
2V3hsJU3bTOATih0Fm4aDp,BRODYAGA FUNK,Eternxlkz,3Xd2WSaNywx5gn1pgRPFjF,BRODYAGA FUNK,134785,68,2025,phonk; brazilian phonk,https://open.spotify.com/track/2V3hsJU3bTOATih0Fm4aDp,2023,106402.0,['krushfunk'],4.0,70.0,130.0,0.738,11.0,0.0,4.0,0.0351,0.593,0.591,0.269,0.292,0.968,-2.956
7x5xYW5W42OGPAdHUyyguy,Locked Away (feat. Adam Levine),"R. City, Adam Levine",4TH4BHy0LdBi3dpBW4P2UX,What Dreams Are Made Of,227475,85,2025,,https://open.spotify.com/track/7x5xYW5W42OGPAdHUyyguy,2015,154265.0,"['reggae fusion', 'virgin islands reggae']",14.0,58.0,118.413,0.671,1.0,1.0,5.0,0.0678,0.509,0.55,0.304,0.0452,0.0,-5.709
57mKcbEq7nMqtJ4gqJvWcp,Talk That Talk,"Rihanna, JAŸ-Z",5pKCCKE2ajJHZ9KAiaK11H,Talk That Talk,209600,76,2025,,https://open.spotify.com/track/57mKcbEq7nMqtJ4gqJvWcp,2011,59527443.0,"['barbadian pop', 'pop', 'urban contemporary']",11.0,87.0,83.999,0.671,2.0,1.0,4.0,0.0444,0.694,0.466,0.0371,0.236,3.14e-05,-4.088
4r1CoAATVuxag55Ct3Y1aX,I'll Be There,Jess Glynne,4ScCswdRlyA23odg9thgIO,Always in Between (Deluxe),194386,75,2025,,https://open.spotify.com/track/4r1CoAATVuxag55Ct3Y1aX,2018,3025611.0,"['dance pop', 'pop', 'uk pop']",17.0,70.0,100.074,0.858,7.0,1.0,4.0,0.0394,0.627,0.399,0.0288,0.199,0.0,-3.116
5X3T8jHNIJSXviiDmiBdz0,Enemy,"Tommee Profitt, Beacon Light, Sam Tinnesz",73jlPRxT7z5xk29sMqFDjU,Cinematic Songs (Vol. 6),190200,67,2025,,https://open.spotify.com/track/5X3T8jHNIJSXviiDmiBdz0,2019,255532.0,['anthem worship'],13.0,59.0,124.992,0.803,2.0,0.0,4.0,0.152,0.581,0.0686,0.343,0.0939,0.0,-4.935
5iG5lMF8hwVDHtvAa1WoMQ,A Little Bit Yours (feat. Eric Chou) - Mandarin Version,"JP Saxe, Eric Chou",66W9LaWS0DPdL7Sz8iYGYe,A Little Bit Yours (feat. Eric Chou) [Mandarin Version],225386,41,2025,,https://open.spotify.com/track/5iG5lMF8hwVDHtvAa1WoMQ,2022,504988.0,"['alt z', 'canadian contemporary r&b', 'singer-songwriter pop']",1.0,61.0,83.409,0.3,1.0,1.0,4.0,0.0346,0.337,0.263,0.718,0.101,0.0,-8.113
3e7sxremeOE3wTySiOhGiP,Dusk Till Dawn (feat. Sia) - Radio Edit,"ZAYN, Sia",5ZsFI1h6hIdQRw2ti0hz81,Icarus Falls,239000,84,2025,,https://open.spotify.com/track/3e7sxremeOE3wTySiOhGiP,2018,22805851.0,"['pop', 'uk pop']",29.0,73.0,180.042,0.437,11.0,0.0,4.0,0.0386,0.259,0.0951,0.102,0.106,1.32e-06,-6.589
3nlVjrlLMJHC7Flf9impf9,"Dancing In The Dark - From The ""Home"" Soundtrack",Rihanna,5pKCCKE2ajJHZ9KAiaK11H,Home (Original Motion Picture Soundtrack),223040,76,2025,,https://open.spotify.com/track/3nlVjrlLMJHC7Flf9impf9,2015,59527443.0,"['barbadian pop', 'pop', 'urban contemporary']",8.0,87.0,115.005,0.75,1.0,1.0,4.0,0.0526,0.795,0.762,0.177,0.0875,0.0,-3.604
36ckQ6GqvcqeYeiWBnl6uz,Grand,Kane Brown,3oSJ7TBVCWMDMiYjXNiCKE,Different Man,178973,54,2025,country; pop country,https://open.spotify.com/track/36ckQ6GqvcqeYeiWBnl6uz,2022,5344762.0,"['black americana', 'contemporary country', 'country', 'country road']",17.0,70.0,168.053,0.856,6.0,0.0,4.0,0.0445,0.583,0.48,0.00484,0.224,0.0,-5.446
1TAm4rdMas92o2vCFQs0vz,雨 (電視劇《以家人之名》插曲),沈以誠,1WrIe6XUiiU9KovVimwqpE,電視劇《以家人之名》原聲帶,216246,34,2025,c-pop; chinese r&b; mandopop,https://open.spotify.com/track/1TAm4rdMas92o2vCFQs0vz,2020,24298.0,['chinese singer-songwriter'],13.0,40.0,125.929,0.335,6.0,1.0,4.0,0.0308,0.521,0.166,0.857,0.0952,0.0,-7.938
6t2ubAB4iSYOuIpRAOGd4t,Cake - Challenge Version,"Flo Rida, 99 Percent",0jnsk9HBra6NMjO2oANoPY,This Is A Challenge,157164,57,2025,,https://open.spotify.com/track/6t2ubAB4iSYOuIpRAOGd4t,2016,8437254.0,"['dance pop', 'miami hip hop', 'pop', 'pop rap']",15.0,76.0,105.078,0.854,2.0,1.0,4.0,0.0523,0.786,0.687,0.0729,0.179,1.63e-06,-4.247
2hloaUoRonYssMuqLCBLTX,bloodline,Ariana Grande,66CXWjxzNUsdJxJ2JdwvnR,"thank u, next",216893,83,2025,pop,https://open.spotify.com/track/2hloaUoRonYssMuqLCBLTX,2019,95921722.0,['pop'],12.0,90.0,151.976,0.665,2.0,0.0,4.0,0.0774,0.758,0.643,0.0815,0.216,0.000157,-5.188
6dijMqFUwi7Dfh1aw5IpoL,LET EM PRAY,NF,6fOMl44jA4Sp5b9PpYCkzz,HOPE,213577,59,2025,christian hip hop,https://open.spotify.com/track/6dijMqFUwi7Dfh1aw5IpoL,2023,9738766.0,"['hip hop', 'pop rap']",13.0,76.0,99.502,0.676,4.0,0.0,4.0,0.238,0.583,0.182,0.246,0.12,0.0,-4.954
2d1AiZExnhYoauaSWkB1Fm,Someday,"Milo Manheim, Meg Donnelly, ZOMBIES – Cast, Disney",3Pkn59A7kZmnBHp7HBUcz5,ZOMBIES (Original TV Movie Soundtrack),183799,75,2025,,https://open.spotify.com/track/2d1AiZExnhYoauaSWkB1Fm,2018,186279.0,['movie tunes'],10.0,56.0,113.024,0.806,2.0,1.0,4.0,0.0367,0.772,0.577,0.191,0.0685,0.0,-5.043
1mZF9TEc7gpw7by7NCZSKr,3 Strikes,Terror Jr,5QatamYwvUTOmMHW6WA0AG,Bop City,175776,71,2025,,https://open.spotify.com/track/1mZF9TEc7gpw7by7NCZSKr,2016,218316.0,"['alt z', 'electropop', 'indie poptimism', 'metropopolis']",8.0,47.0,106.824,0.432,5.0,1.0,5.0,0.0451,0.599,0.615,0.62,0.105,0.00773,-6.097
1zZIGnXIcDKU8QIUkR20nK,She Doesn't Mind,Sean Paul,3Isy6kedDrgPYoTS1dazA9,Tomahawk Technique,227786,68,2025,dancehall,https://open.spotify.com/track/1zZIGnXIcDKU8QIUkR20nK,1900,4604206.0,"['dance pop', 'dancehall', 'pop', 'pop rap']",10.0,77.0,120.015,0.776,7.0,0.0,4.0,0.0693,0.718,0.622,0.000624,0.207,5.3e-06,-5.208
4DvhkX2ic4zWkQeWMwQ2qf,Like A G6,"Far East Movement, The Cataracs, DEV",698hF4vcwHwPy8ltmXermq,Free Wired,216893,76,2025,,https://open.spotify.com/track/4DvhkX2ic4zWkQeWMwQ2qf,2010,1072809.0,"['asian american hip hop', 'dance pop', 'pop rap']",10.0,62.0,124.913,0.837,3.0,1.0,4.0,0.449,0.435,0.778,0.00676,0.117,0.0,-8.126
1eoW6TJe2MRGyibkzZdRvg,Sweet Baby,頑童Mj116,7aMQdNM05rPkcHS1ethHUx,Sweet Baby,182962,48,2025,chinese hip hop; taiwanese pop; mandopop; chinese r&b,https://open.spotify.com/track/1eoW6TJe2MRGyibkzZdRvg,2021,262272.0,"['mandopop', 'taiwan hip hop']",1.0,44.0,100.027,0.573,11.0,0.0,4.0,0.164,0.9,0.0736,0.0354,0.319,0.0259,-8.392
69WpV0U7OMNFGyq8I63dcC,Given-Taken,ENHYPEN,5t5FqBwTcgKTaWmfEbwQY9,BORDER : DAY ONE,183090,72,2025,k-pop,https://open.spotify.com/track/69WpV0U7OMNFGyq8I63dcC,2020,8499927.0,"['anime', 'k-pop boy group']",6.0,75.0,108.07,0.649,8.0,0.0,4.0,0.0377,0.631,0.459,0.17,0.321,0.0,-4.939
32lItqlMi4LBhb4k0BaSaC,Candy Paint,Post Malone,246dkjvS1zLTtiykXe5h60,beerbongs & bentleys,227533,77,2025,,https://open.spotify.com/track/32lItqlMi4LBhb4k0BaSaC,2018,43611311.0,"['dfw rap', 'melodic rap', 'pop', 'rap']",18.0,86.0,180.064,0.667,4.0,1.0,4.0,0.154,0.664,0.381,0.64,0.0753,1.22e-06,-5.941
7gwLQ4tZ5UdZ7qNcDyJ8wr,Cold (feat. Future),"Maroon 5, Future",04gDigrS5kc9YWfZHwBETP,Red Pill Blues (Deluxe),234308,70,2025,pop,https://open.spotify.com/track/7gwLQ4tZ5UdZ7qNcDyJ8wr,2018,41278452.0,['pop'],16.0,82.0,99.836,0.717,9.0,0.0,4.0,0.107,0.693,0.412,0.14,0.0464,0.0,-6.346
25oOaleife6E2MIKmFkPvg,Relationship (feat. Future),"Young Thug, Future",50co4Is1HCEo8bhOyUWKpn,Beautiful Thugger Girls,215306,72,2025,rap; melodic rap; trap,https://open.spotify.com/track/25oOaleife6E2MIKmFkPvg,2017,9796912.0,"['atl hip hop', 'atl trap', 'gangster rap', 'melodic rap', 'rap', 'trap']",14.0,80.0,145.992,0.597,2.0,1.0,4.0,0.0627,0.842,0.298,0.00252,0.124,0.0,-6.336
0pBqDA7NC9zZZ9JbDRUQTA,Noel (He Is Born),"Tommee Profitt, Stanaj",73jlPRxT7z5xk29sMqFDjU,The Birth Of A King,261281,33,2025,,https://open.spotify.com/track/0pBqDA7NC9zZZ9JbDRUQTA,2020,255532.0,['anthem worship'],17.0,59.0,72.75,0.269,4.0,1.0,1.0,0.0302,0.243,0.303,0.634,0.0735,0.0,-6.9
5xDrO9DEDJGUQGfyoHvgDJ,Last Christmas,Ariana Grande,66CXWjxzNUsdJxJ2JdwvnR,Christmas Kisses,203653,57,2025,pop,https://open.spotify.com/track/5xDrO9DEDJGUQGfyoHvgDJ,2013,95921722.0,['pop'],4.0,90.0,205.945,0.8,2.0,1.0,4.0,0.0391,0.504,0.789,0.125,0.109,0.0,-2.763
6oYjXoh33Amh6ANJovEDCE,VROOM,Vic Sage,1Vb5xFUr9KlF32On6L2WPQ,THANKS FOR NOTHING,119764,48,2025,,https://open.spotify.com/track/6oYjXoh33Amh6ANJovEDCE,2022,19010.0,[],11.0,39.0,132.011,0.324,7.0,1.0,4.0,0.0644,0.862,0.293,0.0179,0.148,0.0869,-9.326
28VBdtYc5Cpmey4Cpvcrby,離開我的依賴,Evangeline Wong,7sEIHkZXRzGa3OBUCCxzU5,離開我的依賴,233882,71,2025,mandopop; c-pop; taiwanese pop; chinese r&b,https://open.spotify.com/track/28VBdtYc5Cpmey4Cpvcrby,2020,35383.0,['mandopop'],1.0,33.0,126.012,0.69,0.0,0.0,4.0,0.0432,0.604,0.307,0.3,0.143,0.0,-4.762
4LICmQ9RUAnhZxRdbr3vGI,The Hatchet,Nate Rose,2Dfvd2JvOyoUmUApsVqjhN,Pie At The Party,136317,40,2025,,https://open.spotify.com/track/4LICmQ9RUAnhZxRdbr3vGI,2022,43264.0,['nashville hip hop'],11.0,41.0,144.022,0.794,9.0,1.0,4.0,0.304,0.746,0.601,0.333,0.103,0.0,-6.512
4Oun2ylbjFKMPTiaSbbCih,WAP (feat. Megan Thee Stallion),"Cardi B, Megan Thee Stallion",4kYSro6naA4h99UJvo89HB,WAP (feat. Megan Thee Stallion),187546,77,2025,,https://open.spotify.com/track/4Oun2ylbjFKMPTiaSbbCih,2020,23629430.0,"['pop', 'rap']",1.0,77.0,133.073,0.454,1.0,1.0,4.0,0.375,0.935,0.357,0.0194,0.0824,0.0,-7.509
7CRThl2cGDh1o9p3ivaLbG,why u gotta be like that (feat. Nightly),"vaultboy, Nightly",0K87f3owemzI8NUCoEIXOB,why u gotta be like that (feat. Nightly),143503,47,2025,,https://open.spotify.com/track/7CRThl2cGDh1o9p3ivaLbG,2022,249592.0,['singer-songwriter pop'],1.0,57.0,90.04,0.621,7.0,1.0,4.0,0.037,0.67,0.288,0.131,0.675,0.0,-7.853
0VES0jpNQEdRpD31gYDIMe,LAW (Prod. Czaer),"YOON MIRAE, BIBI",1Do4bSzfUl0KWL9r1fITu0,Street Man Fighter Original Vol.3 (Mission by Rank),189373,54,2025,k-ballad; soundtrack; k-pop,https://open.spotify.com/track/0VES0jpNQEdRpD31gYDIMe,2022,286175.0,"['k-pop', 'korean ost', 'korean pop', 'korean r&b']",5.0,65.0,128.054,0.9,2.0,1.0,4.0,0.0843,0.756,0.55,0.00857,0.237,0.000111,-4.428
75nKBP8jQu681pTNCtrEnn,Running Over (feat. Lil Dicky),"Justin Bieber, Lil Dicky",1uNFoZAHBGtllmzznpCI3s,Changes,179626,57,2025,,https://open.spotify.com/track/75nKBP8jQu681pTNCtrEnn,2020,74608422.0,"['canadian pop', 'pop']",17.0,86.0,149.982,0.603,11.0,1.0,4.0,0.0591,0.774,0.977,0.438,0.0869,4.37e-05,-7.319
6V1bu6o1Yo5ZXnsCJU8Ovk,Girls Like You (feat. Cardi B) - Cardi B Version,"Maroon 5, Cardi B",04gDigrS5kc9YWfZHwBETP,Red Pill Blues (Deluxe),235545,71,2025,pop,https://open.spotify.com/track/6V1bu6o1Yo5ZXnsCJU8Ovk,2018,41278452.0,['pop'],16.0,82.0,124.959,0.541,0.0,1.0,4.0,0.0505,0.851,0.448,0.568,0.13,0.0,-6.825
4qu63nuBpdn0qHUHuObEj1,Leave Before You Love Me (with Jonas Brothers),"Marshmello, Jonas Brothers",64KEffDW9EtZ1y2vBYgq8T,Leave Before You Love Me,154983,83,2025,edm,https://open.spotify.com/track/4qu63nuBpdn0qHUHuObEj1,2021,33569257.0,"['brostep', 'edm', 'pop', 'progressive electro house']",1.0,80.0,119.976,0.738,7.0,1.0,4.0,0.0403,0.721,0.637,0.00226,0.118,4.41e-06,-4.77
2VhY69P0Q15rHfEKaMlR5x,dancing in the kitchen,LANY,49tQo2QULno7gxHutgccqF,gg bb xx,208808,65,2025,,https://open.spotify.com/track/2VhY69P0Q15rHfEKaMlR5x,2021,5725525.0,"['la pop', 'opm']",12.0,71.0,94.024,0.736,11.0,1.0,4.0,0.0396,0.646,0.28,0.0334,0.0807,0.0,-7.658
4fINc8dnfcz7AdhFYVA4i7,It Girl,Jason Derulo,07YZf4WDAMNwqr4jfgOZ8y,Future History (Deluxe Edition),192200,76,2025,,https://open.spotify.com/track/4fINc8dnfcz7AdhFYVA4i7,2011,11922459.0,"['dance pop', 'pop']",14.0,75.0,91.993,0.718,1.0,0.0,4.0,0.0605,0.668,0.345,0.0165,0.104,0.0,-4.736
0Eqg0CQ7bK3RQIMPw1A7pl,Malibu Nights,LANY,49tQo2QULno7gxHutgccqF,Malibu Nights,286928,76,2025,,https://open.spotify.com/track/0Eqg0CQ7bK3RQIMPw1A7pl,2018,5725525.0,"['la pop', 'opm']",9.0,71.0,74.002,0.422,11.0,1.0,4.0,0.195,0.559,0.191,0.701,0.0853,1.99e-06,-11.89
25tkPPlBrYCXkSIAASibtL,Love Is Everything,Ariana Grande,66CXWjxzNUsdJxJ2JdwvnR,Christmas Kisses,212786,42,2025,pop,https://open.spotify.com/track/25tkPPlBrYCXkSIAASibtL,2013,95921722.0,['pop'],4.0,90.0,180.035,0.931,11.0,1.0,4.0,0.0909,0.563,0.81,0.0904,0.258,0.0,-3.468
2cQ8HVDAMdA9BxzbupdnC1,我愛過你,Eric Chou,5fEQLwq1BWWQNR8GzhOIvi,我愛過你,302731,51,2025,mandopop; c-pop; taiwanese pop; chinese r&b; malay pop,https://open.spotify.com/track/2cQ8HVDAMdA9BxzbupdnC1,2016,1436924.0,['mandopop'],1.0,60.0,169.933,0.304,0.0,1.0,4.0,0.0289,0.456,0.349,0.477,0.114,1.37e-06,-12.029
79dMs69Pyb227DQDNiiP5G,Longer,Jamie Miller,2LkkwxA19J8C52wPQl5bG6,Broken Memories,175760,57,2025,,https://open.spotify.com/track/79dMs69Pyb227DQDNiiP5G,2022,595506.0,"['pop soul', 'singer-songwriter pop']",6.0,63.0,162.822,0.447,5.0,1.0,4.0,0.047,0.528,0.474,0.484,0.0962,0.0,-7.086
5Il6Oe7lr5XM7A0cWbVQtr,bad idea,Ariana Grande,66CXWjxzNUsdJxJ2JdwvnR,"thank u, next",267106,72,2025,pop,https://open.spotify.com/track/5Il6Oe7lr5XM7A0cWbVQtr,2019,95921722.0,['pop'],12.0,90.0,137.998,0.579,1.0,1.0,4.0,0.0719,0.847,0.569,0.0268,0.102,0.0545,-5.314
2HaTi4SDrXRY9bHKVWS8Ty,Worth It,Able Heart,1Qr7z3g1f7L93ZWdCKGSjV,Worth It,96800,0,2025,,https://open.spotify.com/track/2HaTi4SDrXRY9bHKVWS8Ty,2023,94091.0,[],1.0,51.0,75.03,0.672,2.0,1.0,4.0,0.138,0.708,0.817,0.00863,0.277,0.000541,-5.246
3hJmzuKkiCtLDTANdB52Hm,Butterflies (feat. FLETCHER),"MAX, FLETCHER",1bqxdqvUtPWZri43cKHac8,Butterflies (feat. FLETCHER),191250,52,2025,,https://open.spotify.com/track/3hJmzuKkiCtLDTANdB52Hm,2021,903100.0,"['singer-songwriter pop', 'teen pop', 'viral pop']",2.0,67.0,88.096,0.618,11.0,1.0,4.0,0.0375,0.686,0.485,0.403,0.15,0.0,-4.177
21yCOhgaDMc0KEtxhZHTbI,blue,keshi,3pc0bOVB5whxmD50W79wwO,bandaids,178600,64,2025,,https://open.spotify.com/track/21yCOhgaDMc0KEtxhZHTbI,2020,3473839.0,['chill r&b'],5.0,69.0,160.051,0.563,1.0,1.0,4.0,0.0338,0.513,0.217,0.0701,0.0956,1.62e-06,-8.689
3a7hrn5cgp6D53uPUTc3Ai,Vegas,Johnny Orlando,6aX6KqXgEcARRHwvWxHcFW,The Ride,171853,44,2025,,https://open.spotify.com/track/3a7hrn5cgp6D53uPUTc3Ai,2024,834150.0,"['canadian pop', 'singer-songwriter pop', 'social media pop']",8.0,53.0,93.893,0.482,8.0,1.0,4.0,0.0336,0.603,0.197,0.494,0.169,4.09e-05,-9.274
7weX6syqklVQocpVVmDNwI,Love Back,Why Don't We,2jnIB6XdLvnJUeNTy5A0J2,Love Back,185850,58,2025,,https://open.spotify.com/track/7weX6syqklVQocpVVmDNwI,2021,3675806.0,"['boy band', 'pop']",1.0,63.0,105.882,0.744,4.0,1.0,4.0,0.0654,0.611,0.705,0.026,0.176,0.0,-6.845
76NX6bt1KCSg0yULpmlkyJ,Like I Do (with sunkis),"J.Tajor, sunkis",0VpMOC5IZU06u29fWjv3qJ,Like I Do (with sunkis),149714,58,2025,,https://open.spotify.com/track/76NX6bt1KCSg0yULpmlkyJ,2024,61198.0,[],1.0,60.0,104.988,0.47,9.0,1.0,4.0,0.0412,0.788,0.701,0.67,0.107,0.0,-5.427
60JZB9waHUPWJTGbYO6kDB,STUPID IN LOVE (feat. HUH YUNJIN of LE SSERAFIM),"MAX, HUH YUNJIN",1bqxdqvUtPWZri43cKHac8,STUPID IN LOVE (feat. HUH YUNJIN of LE SSERAFIM),173336,62,2025,,https://open.spotify.com/track/60JZB9waHUPWJTGbYO6kDB,2024,903100.0,"['singer-songwriter pop', 'teen pop', 'viral pop']",1.0,67.0,152.859,0.695,8.0,0.0,4.0,0.103,0.656,0.589,0.0824,0.38,0.0,-5.295
5lNuqFVMca4vPupY10cH0J,No Promises (feat. Demi Lovato),"Cheat Codes, Demi Lovato",7DMveApC7UnC2NPfPvlHSU,No Promises (feat. Demi Lovato),222786,63,2025,,https://open.spotify.com/track/5lNuqFVMca4vPupY10cH0J,2017,2105604.0,"['edm', 'pop', 'pop dance']",1.0,63.0,112.961,0.619,10.0,1.0,4.0,0.162,0.739,0.58,0.0572,0.105,0.0,-6.669
31sSFHIe4NaxltVFOEIcTa,working,"Tate McRae, Khalid",45dkTj5sMRSjrmBSBeiHym,working,210219,61,2025,,https://open.spotify.com/track/31sSFHIe4NaxltVFOEIcTa,2021,5211606.0,['pop'],1.0,82.0,106.974,0.435,7.0,1.0,4.0,0.0588,0.783,0.512,0.282,0.0833,0.0,-7.78
6TqXcAFInzjp0bODyvrWEq,Talk (feat. Disclosure),"Khalid, Disclosure",6LuN9FCkKOj5PcnpouEgny,Free Spirit,197573,73,2025,,https://open.spotify.com/track/6TqXcAFInzjp0bODyvrWEq,2019,16079816.0,"['pop', 'pop r&b']",17.0,80.0,135.984,0.4,0.0,1.0,4.0,0.127,0.9,0.346,0.0516,0.0599,0.0,-8.575
7FET9gtiECWn7llt0sfvtU,CAREFUL,"NF, Cordae",6fOMl44jA4Sp5b9PpYCkzz,HOPE,209500,66,2025,christian hip hop,https://open.spotify.com/track/7FET9gtiECWn7llt0sfvtU,2023,9738766.0,"['hip hop', 'pop rap']",13.0,76.0,130.024,0.834,11.0,0.0,4.0,0.0591,0.834,0.344,0.0671,0.373,0.0,-4.035
1fFQLLWeB7gWDGfTtO01gK,趕不走的你,Young,7tuUo4Kby0sTXYcctxdlYa,極光,277187,23,2025,mandopop; c-pop; chinese r&b,https://open.spotify.com/track/1fFQLLWeB7gWDGfTtO01gK,2023,12728.0,['mainland chinese pop'],7.0,32.0,131.436,0.452,2.0,1.0,4.0,0.0362,0.355,0.245,0.808,0.109,0.0,-8.587
4F7ZAsndEIJXyFzJUHNlRu,幾分之幾 - 電影<花甲大人轉男孩>主題曲,Crowd Lu,2JBUyLiFvpFPWdZGqIGYLD,幾分之幾,228570,69,2024,mandopop; taiwanese pop; c-pop; taiwanese indie; chinese indie,https://open.spotify.com/track/4F7ZAsndEIJXyFzJUHNlRu,2018,484794.0,"['mandopop', 'taiwan indie', 'taiwan singer-songwriter']",3.0,50.0,143.819,0.342,1.0,1.0,4.0,0.0257,0.519,0.425,0.636,0.1,0.0,-5.54
7sGdl31IfcSwfpCxxRbwdY,Who Am I?,Kode,6yEYr68BReibuoeyXQw79n,Who Am I?,187157,60,2024,,https://open.spotify.com/track/7sGdl31IfcSwfpCxxRbwdY,2023,41586.0,['singer-songwriter pop'],1.0,45.0,180.028,0.515,3.0,0.0,4.0,0.136,0.687,0.651,0.258,0.117,0.0,-6.433
4xPSBabrMDpdmIacsJmMs0,Love Me Better,Corbyn Besson,1bWUA5b7GHPymK5dZrf7tj,Love Me Better,151544,46,2024,,https://open.spotify.com/track/4xPSBabrMDpdmIacsJmMs0,2024,11122.0,[],1.0,36.0,89.039,0.588,1.0,1.0,4.0,0.0703,0.662,0.672,0.161,0.0647,0.0,-6.587
5Pg8MZDBD6sNsnV3miq2jo,Rack,callmestevieray,2rwCl3cifvJKvL61qdXjML,Rack,172500,67,2024,,https://open.spotify.com/track/5Pg8MZDBD6sNsnV3miq2jo,2022,32948.0,[],1.0,47.0,103.977,0.573,9.0,0.0,4.0,0.0898,0.931,0.687,0.0842,0.0939,0.0,-8.364
2KoeSRTm9cRulYnkaEyUaP,Crazy Form,ATEEZ,68KmkJeZGfwe1OUaivBa2L,THE WORLD EP.FIN : WILL,198365,68,2024,k-pop; noise music,https://open.spotify.com/track/2KoeSRTm9cRulYnkaEyUaP,2023,3856504.0,"['k-pop', 'k-pop boy group']",12.0,69.0,119.024,0.791,5.0,0.0,4.0,0.049,0.83,0.466,0.027,0.343,0.0,-5.185
2fZ1DdMpQZIiPMIgyt27dT,Wake Up,ATEEZ,68KmkJeZGfwe1OUaivBa2L,THE WORLD EP.2 : OUTLAW,186434,60,2024,k-pop; noise music,https://open.spotify.com/track/2fZ1DdMpQZIiPMIgyt27dT,2023,3856504.0,"['k-pop', 'k-pop boy group']",6.0,69.0,149.918,0.931,1.0,1.0,4.0,0.0644,0.558,0.41,0.00286,0.228,0.0,-3.484
0LnS7aOdOdI1dNKZqdOLz4,Dua Lipa,Jack Harlow,2LIk90788K0zvyj2JJVwkJ,Come Home The Kids Miss You,135053,63,2024,,https://open.spotify.com/track/0LnS7aOdOdI1dNKZqdOLz4,2022,3736563.0,"['deep underground hip hop', 'kentucky hip hop', 'pop rap', 'rap']",15.0,79.0,158.022,0.652,11.0,1.0,4.0,0.0762,0.833,0.405,0.00161,0.106,0.0985,-6.942
1PSBzsahR2AKwLJgx8ehBj,Bad Things (with Camila Cabello),"mgk, Camila Cabello",6TIYQ3jFPwQSRmorSezPxX,bloom,239293,74,2024,,https://open.spotify.com/track/1PSBzsahR2AKwLJgx8ehBj,2017,5215640.0,"['ohio hip hop', 'pop rap']",13.0,75.0,137.853,0.691,2.0,1.0,4.0,0.146,0.697,0.305,0.214,0.185,0.0,-4.757
4BIday5gdHWGTfALlisMZj,云之羽（《云之羽》影视剧主题曲）,Jason Zhang,75udD9hen8NeHTe92rUNLa,云之羽（《云之羽》影视剧主题曲）,258626,49,2024,gufeng; c-pop; mandopop,https://open.spotify.com/track/4BIday5gdHWGTfALlisMZj,2023,246332.0,['mainland chinese pop'],2.0,43.0,124.0,0.46,4.0,0.0,4.0,0.0347,0.502,0.404,0.849,0.278,0.0,-8.71
7D07HeIBMKCMPrqFQvvD4c,Even if we disappear,DAWN,3aB96WIPKUzvJmoctWCrjb,DAWN X MY DEMON,237453,47,2024,,https://open.spotify.com/track/7D07HeIBMKCMPrqFQvvD4c,2023,259910.0,['k-pop'],2.0,44.0,145.978,0.561,2.0,1.0,4.0,0.0319,0.653,0.198,0.619,0.115,0.0,-4.703
0vp1sk3FzuDBeLMLcRhQdL,HANDSOMER (Remix),"Russ, Ktlyn",1z7b1Pr1rSlvWRzsW3HOrS,HANDSOMER (Remix),143414,65,2024,,https://open.spotify.com/track/0vp1sk3FzuDBeLMLcRhQdL,2022,5068892.0,"['hawaiian hip hop', 'pop rap']",1.0,72.0,82.035,0.62,8.0,1.0,4.0,0.157,0.891,0.535,0.176,0.103,1.59e-06,-6.822
5bLGQqcpsz5ISWeihZfJnR,Are You Entertained,"Russ, Ed Sheeran",1z7b1Pr1rSlvWRzsW3HOrS,Are You Entertained,156083,58,2024,,https://open.spotify.com/track/5bLGQqcpsz5ISWeihZfJnR,2022,5068892.0,"['hawaiian hip hop', 'pop rap']",1.0,72.0,130.063,0.61,10.0,0.0,4.0,0.234,0.587,0.556,0.0402,0.167,0.0,-6.881
71oIX0UoQkgedZTmOLPHAx,極光,Young,7tuUo4Kby0sTXYcctxdlYa,極光,199627,19,2024,mandopop; c-pop; chinese r&b,https://open.spotify.com/track/71oIX0UoQkgedZTmOLPHAx,2023,12728.0,['mainland chinese pop'],7.0,32.0,139.883,0.387,6.0,1.0,4.0,0.0322,0.587,0.166,0.754,0.107,0.0,-8.574
1pJQAHpD51J7GYaFrrFO9S,Don't Say,"The Chainsmokers, Emily Warren",69GGBxA162lTqCwzJG5jLp,Memories...Do Not Open,228480,51,2024,,https://open.spotify.com/track/1pJQAHpD51J7GYaFrrFO9S,2017,20024863.0,['pop'],12.0,78.0,99.806,0.464,5.0,1.0,4.0,0.0302,0.567,0.309,0.0199,0.269,9.31e-06,-9.66
6V9kwssTrwkKT72imgowj9,My Type,"The Chainsmokers, Emily Warren",69GGBxA162lTqCwzJG5jLp,Memories...Do Not Open,217413,56,2024,,https://open.spotify.com/track/6V9kwssTrwkKT72imgowj9,2017,20024863.0,['pop'],12.0,78.0,94.989,0.603,7.0,0.0,4.0,0.0389,0.604,0.15,0.0357,0.126,0.0,-6.324
3G1OkwOwT7rQpjxooDgApO,Deserve You,Justin Bieber,1uNFoZAHBGtllmzznpCI3s,Justice (Triple Chucks Deluxe),187238,45,2024,,https://open.spotify.com/track/3G1OkwOwT7rQpjxooDgApO,2021,74608422.0,"['canadian pop', 'pop']",22.0,86.0,89.934,0.633,7.0,1.0,4.0,0.0771,0.677,0.409,0.0314,0.112,0.0,-7.831
51qNCY0lUymE88LPDUqFXd,enemy,Charli xcx,25uiPmTg16RbhZWAqwLBy5,how i'm feeling now,222991,53,2024,hyperpop; art pop,https://open.spotify.com/track/51qNCY0lUymE88LPDUqFXd,2020,3117314.0,"['art pop', 'candy pop', 'metropopolis', 'pop', 'uk pop']",11.0,73.0,91.519,0.661,4.0,0.0,4.0,0.0343,0.69,0.222,0.00449,0.154,0.00389,-4.274
5dry5tz8yLcLuOJ3l6ZEQd,Used to Know Me,Charli xcx,25uiPmTg16RbhZWAqwLBy5,CRASH,145840,56,2024,hyperpop; art pop,https://open.spotify.com/track/5dry5tz8yLcLuOJ3l6ZEQd,2022,3117314.0,"['art pop', 'candy pop', 'metropopolis', 'pop', 'uk pop']",12.0,73.0,118.009,0.931,1.0,1.0,4.0,0.0323,0.711,0.775,0.0914,0.0892,4.41e-05,-4.042
2cEmWBBlCfR9wWrY9JmTyt,Let Me,ZAYN,5ZsFI1h6hIdQRw2ti0hz81,Icarus Falls,185384,66,2024,,https://open.spotify.com/track/2cEmWBBlCfR9wWrY9JmTyt,2018,22805851.0,"['pop', 'uk pop']",29.0,73.0,168.408,0.566,9.0,1.0,4.0,0.0502,0.46,0.189,0.239,0.0967,5.96e-06,-5.637
0E8WJOFs2eWD67USh7C6Qd,Love No More,"Loud Luxury, anders",6t1gpxYbY8OlLA7D2RiikQ,Love No More,168635,61,2024,,https://open.spotify.com/track/0E8WJOFs2eWD67USh7C6Qd,2018,656969.0,"['edm', 'pop dance', 'uk dance']",1.0,66.0,121.012,0.674,0.0,1.0,4.0,0.0538,0.766,0.214,0.0217,0.258,5.87e-05,-6.245
0Y1MWB026LYxGvhq4EcMiC,Boom Clap,Charli xcx,25uiPmTg16RbhZWAqwLBy5,SUCKER,169866,71,2024,hyperpop; art pop,https://open.spotify.com/track/0Y1MWB026LYxGvhq4EcMiC,2014,3117314.0,"['art pop', 'candy pop', 'metropopolis', 'pop', 'uk pop']",15.0,73.0,91.999,0.911,4.0,1.0,4.0,0.0786,0.659,0.576,0.154,0.191,0.000304,-2.28
4NBTZtAt1F13VvlSKe6KTl,This Feeling,"The Chainsmokers, Kelsea Ballerini",69GGBxA162lTqCwzJG5jLp,Sick Boy,197946,74,2024,,https://open.spotify.com/track/4NBTZtAt1F13VvlSKe6KTl,2018,20024863.0,['pop'],10.0,78.0,105.049,0.571,1.0,1.0,4.0,0.0439,0.575,0.449,0.0558,0.0912,0.0,-7.906
05mAIVLkIWc2d1UBYZBCp8,1999,"Charli xcx, Troye Sivan",25uiPmTg16RbhZWAqwLBy5,1999,189200,61,2024,hyperpop; art pop,https://open.spotify.com/track/05mAIVLkIWc2d1UBYZBCp8,2018,3117314.0,"['art pop', 'candy pop', 'metropopolis', 'pop', 'uk pop']",1.0,73.0,124.016,0.742,7.0,1.0,4.0,0.0329,0.739,0.659,0.0227,0.229,1.39e-06,-4.586
2x7MyWybabEz6Y6wvHuwGE,Just Dance,"Lady Gaga, Colby O'Donis",1HY2Jd0NmPuamShAr6KMms,The Fame,241933,82,2024,art pop; pop,https://open.spotify.com/track/2x7MyWybabEz6Y6wvHuwGE,2008,29655882.0,"['art pop', 'dance pop', 'pop']",15.0,81.0,118.992,0.739,1.0,0.0,4.0,0.0311,0.822,0.745,0.0264,0.181,4.26e-05,-4.541
0CAfXk7DXMnon4gLudAp7J,Low (feat. T-Pain),"Flo Rida, T-Pain",0jnsk9HBra6NMjO2oANoPY,Mail on Sunday,231400,88,2024,,https://open.spotify.com/track/0CAfXk7DXMnon4gLudAp7J,2008,8437254.0,"['dance pop', 'miami hip hop', 'pop', 'pop rap']",14.0,76.0,128.008,0.609,10.0,0.0,4.0,0.0791,0.918,0.304,0.0928,0.139,0.0,-5.64
228BxWXUYQPJrJYHDLOHkj,Gasolina,Daddy Yankee,4VMYDCV2IEDYJArk749S6m,Barrio Fino (Bonus Track Version),192600,14,2024,reggaeton; latin,https://open.spotify.com/track/228BxWXUYQPJrJYHDLOHkj,2004,33487570.0,"['latin hip hop', 'reggaeton', 'trap latino', 'urbano latino']",23.0,82.0,96.008,0.797,0.0,1.0,4.0,0.0614,0.852,0.741,0.322,0.0845,2.69e-06,-6.543
3InNdtWYQV1Wx81qST5rU1,CHARGER (ft. Charli XCX),"ELIO, Charli xcx",6xgvgzXNv3ymcITXTrxRaA,ELIO and Friends : The Remixes,147368,0,2024,,https://open.spotify.com/track/3InNdtWYQV1Wx81qST5rU1,2021,70479.0,"['alt z', 'electropop']",10.0,48.0,114.04,0.593,1.0,1.0,4.0,0.045,0.804,0.473,0.171,0.115,0.063,-10.459
1xNkoQPvWTY9HfnW4YkYeL,My Love,Marcus Lee,18G699wFEzXLGHsgsDZyYj,My Love,180467,24,2024,mandopop; chinese indie; chinese r&b; c-pop; taiwanese pop,https://open.spotify.com/track/1xNkoQPvWTY9HfnW4YkYeL,2023,2730.0,['singaporean singer-songwriter'],1.0,24.0,84.016,0.572,11.0,0.0,4.0,0.0273,0.566,0.354,0.289,0.0922,0.0,-4.458
5F2AuFzEiuAQD0JVNjVJQz,Let Go,Beau Young Prince,5fxPQ2Mzi7apfCMPuKwmSd,Spider-Man: Into the Spider-Verse (Soundtrack From & Inspired by the Motion Picture),177653,62,2024,,https://open.spotify.com/track/5F2AuFzEiuAQD0JVNjVJQz,2018,17313.0,['dmv rap'],13.0,38.0,100.063,0.725,7.0,1.0,4.0,0.0576,0.764,0.0794,0.463,0.109,5.91e-06,-8.812
18uwL0vNUanqZH0ro2QcOP,comethru,Jeremy Zucker,3gIRvgZssIb9aiirIg0nI3,"summer,",181613,74,2024,,https://open.spotify.com/track/18uwL0vNUanqZH0ro2QcOP,2018,2248009.0,"['alt z', 'electropop', 'pop']",5.0,64.0,93.982,0.178,0.0,1.0,4.0,0.0574,0.795,0.608,0.607,0.623,0.0,-11.991
0ri0Han4IRJhzvERHOZTMr,At My Worst,Pink Sweat$,1W7FNibLa0O0b572tB2w7t,The Prelude,170344,68,2024,,https://open.spotify.com/track/0ri0Han4IRJhzvERHOZTMr,2020,1837995.0,['bedroom soul'],6.0,63.0,91.921,0.415,0.0,1.0,4.0,0.0349,0.813,0.667,0.777,0.131,0.0,-5.926
5mu1uv8RmzDkF8foePK5qa,Kream (feat. Tyga),"Iggy Azalea, Tyga",5yG7ZAZafVaAlMTeBybKAL,Survive The Summer,166626,64,2024,,https://open.spotify.com/track/5mu1uv8RmzDkF8foePK5qa,2018,6485111.0,"['australian hip hop', 'dance pop', 'pop']",6.0,65.0,174.028,0.425,10.0,1.0,4.0,0.137,0.785,0.192,0.0335,0.108,4.36e-06,-6.665
71pc8Waeq1YtmcOKLEF3dK,Numb - Bonus Track,"August Alsina, B.o.B, Yo Gotti",19Fi1Rj7kk8kyiwxpXy3yM,Testimony,254000,63,2024,,https://open.spotify.com/track/71pc8Waeq1YtmcOKLEF3dK,2014,2582030.0,"['pop r&b', 'pop rap', 'r&b', 'southern hip hop', 'trap', 'urban contemporary']",15.0,56.0,96.032,0.488,11.0,0.0,4.0,0.0894,0.796,0.26,0.0217,0.0737,0.0,-6.699
4fUh9VvKW4shhWN5LfN1Ba,Be Real (feat. DeJ Loaf),"Kid Ink, DeJ Loaf",6KZDXtSj0SzGOV705nNeh3,Full Speed,206760,60,2024,,https://open.spotify.com/track/4fUh9VvKW4shhWN5LfN1Ba,2015,2941414.0,"['pop rap', 'rap', 'southern hip hop', 'trap']",12.0,63.0,99.934,0.611,9.0,0.0,4.0,0.0876,0.762,0.386,0.122,0.141,0.000315,-5.462
2g1KggY9PKvsoEAOaiz4xx,Daisy,Ashnikko,3PyJHH2wyfQK3WZrk9rpmP,DEMIDEVIL,146523,70,2024,,https://open.spotify.com/track/2g1KggY9PKvsoEAOaiz4xx,2021,2267757.0,"['alt z', 'escape room']",10.0,64.0,121.876,0.663,8.0,1.0,4.0,0.133,0.834,0.774,0.235,0.372,0.0,-6.143
0wDbYIl4fN2mccHczCJqEf,Letting Go (Dutty Love) featuring Nicki Minaj (feat. Nicki Minaj),"Sean Kingston, Nicki Minaj",6S0dmVVn4udvppDhZIWxCr,Letting Go (Dutty Love) featuring Nicki Minaj (feat. Nicki Minaj),230600,63,2024,,https://open.spotify.com/track/0wDbYIl4fN2mccHczCJqEf,2010,3234830.0,"['dance pop', 'miami hip hop', 'pop']",1.0,68.0,92.064,0.808,5.0,1.0,4.0,0.0963,0.792,0.709,0.335,0.269,0.0,-4.156
2hyF1YWdX8yxExvRelT9nB,Jet Lag,A$AP Ferg,5dHt1vcEm9qb8fCyLcB3HL,Floor Seats,203720,55,2024,rap,https://open.spotify.com/track/2hyF1YWdX8yxExvRelT9nB,2019,3732041.0,"['hip hop', 'pop rap', 'rap', 'southern hip hop', 'trap']",9.0,66.0,169.957,0.803,11.0,1.0,4.0,0.292,0.853,0.433,0.0085,0.104,2.41e-05,-3.297
1wJRveJZLSb1rjhnUHQiv6,Swervin (feat. 6ix9ine),"A Boogie Wit da Hoodie, 6ix9ine",31W5EY0aAly4Qieq6OFu6I,Hoodie SZN,189486,72,2024,melodic rap,https://open.spotify.com/track/1wJRveJZLSb1rjhnUHQiv6,2018,8108788.0,"['melodic rap', 'rap', 'trap']",20.0,77.0,93.023,0.662,9.0,1.0,4.0,0.303,0.581,0.434,0.0153,0.111,0.0,-5.239
7sO5G9EABYOXQKNPNiE9NR,Ric Flair Drip (with Metro Boomin),"Offset, Metro Boomin",4DdkRBBYG6Yk9Ka8tdJ9BW,Without Warning,172800,84,2024,,https://open.spotify.com/track/7sO5G9EABYOXQKNPNiE9NR,2017,3925385.0,"['atl hip hop', 'hip hop', 'pop rap', 'rap', 'trap']",10.0,76.0,100.007,0.428,9.0,1.0,4.0,0.206,0.88,0.333,0.149,0.114,5.05e-05,-8.28
4cSCMlCcY65zlz1ZPhqsCe,離開你以後 - 電影《你的婚禮》插曲,Eric Chou,5fEQLwq1BWWQNR8GzhOIvi,離開你以後 (電影《你的婚禮》插曲),309840,58,2024,mandopop; c-pop; taiwanese pop; chinese r&b; malay pop,https://open.spotify.com/track/4cSCMlCcY65zlz1ZPhqsCe,2021,1436924.0,['mandopop'],1.0,60.0,154.969,0.469,3.0,1.0,4.0,0.0361,0.24,0.24,0.753,0.0917,2.05e-06,-9.235
5dMKsEQSlR2ITYpScl7UMd,Remember This,NF,6fOMl44jA4Sp5b9PpYCkzz,Perception,240386,67,2024,christian hip hop,https://open.spotify.com/track/5dMKsEQSlR2ITYpScl7UMd,2017,9738766.0,"['hip hop', 'pop rap']",16.0,76.0,79.196,0.664,8.0,1.0,4.0,0.206,0.572,0.278,0.434,0.109,0.0,-6.362
06Muk6IyarouV5CXeQ2yBN,Interstellar on Piano,Andy Morris,58lQAzmAxDD6di02MvAWkv,Interstellar on Piano,139075,61,2024,,https://open.spotify.com/track/06Muk6IyarouV5CXeQ2yBN,2022,25781.0,[],1.0,41.0,67.065,0.338,9.0,0.0,4.0,0.0294,0.324,0.0431,0.934,0.0921,0.926,-15.353
3nKRYKbGxhzv4BbwlLOcWU,Mansion,"NF, Fleurie",6fOMl44jA4Sp5b9PpYCkzz,Mansion,323266,64,2024,christian hip hop,https://open.spotify.com/track/3nKRYKbGxhzv4BbwlLOcWU,2015,9738766.0,"['hip hop', 'pop rap']",12.0,76.0,150.686,0.84,10.0,0.0,4.0,0.313,0.446,0.433,0.567,0.0967,0.0,-4.539
7rqBExJALxIgsMFADFJwHF,Bringing the Fire,Carry the Throne,1RbhoU106zAqPk8nJY9XG3,Just Getting Started,147300,53,2024,,https://open.spotify.com/track/7rqBExJALxIgsMFADFJwHF,2023,3406.0,['bossbeat'],8.0,36.0,75.015,0.941,10.0,0.0,4.0,0.0753,0.701,0.895,0.0422,0.233,0.0,-4.376
4x3qqSA4cP49oZQXPLnDBe,Runnin',Adam Lambert,6prmLEyn4LfHlD9NnXWlf7,Trespassing (Deluxe Version),228533,62,2024,,https://open.spotify.com/track/4x3qqSA4cP49oZQXPLnDBe,2012,1577615.0,"['dance pop', 'idol', 'pop', 'post-teen pop']",15.0,56.0,83.469,0.868,2.0,0.0,4.0,0.0837,0.408,0.387,0.0082,0.151,0.0,-4.438
24FFOpCA6bc5YoU2F3TKqS,Just For A Moment (feat. Iselin),"Gryffin, Iselin",2ZRQcIgzPCVaT9XKhXZIzh,Gravity,253250,61,2024,edm; melodic bass; future bass,https://open.spotify.com/track/24FFOpCA6bc5YoU2F3TKqS,2019,946966.0,"['edm', 'pop dance']",16.0,64.0,144.037,0.776,1.0,0.0,4.0,0.0485,0.536,0.414,0.0137,0.269,1.83e-05,-6.343
5VGBgPVFO3e0lWz4WHYntQ,All For Love,"Tungevaag, Raaban, Richard Smitt",49CE2ffZ6Z3zeYSDauSKck,All For Love,180484,58,2024,big room,https://open.spotify.com/track/5VGBgPVFO3e0lWz4WHYntQ,2018,156337.0,"['big room', 'nordic house']",1.0,59.0,125.115,0.901,7.0,1.0,4.0,0.0678,0.689,0.651,0.145,0.459,1.03e-05,-1.431
6AvfZXpbb6r35DfF7gHPRq,Wait,Maroon 5,04gDigrS5kc9YWfZHwBETP,Red Pill Blues (Deluxe),190642,68,2024,pop,https://open.spotify.com/track/6AvfZXpbb6r35DfF7gHPRq,2018,41278452.0,['pop'],16.0,82.0,126.088,0.603,8.0,1.0,4.0,0.0555,0.655,0.452,0.0959,0.107,0.0,-5.014
4j5ffIFh7bFT7GZciP1TCy,"10,000 Hours (with Justin Bieber)","Dan + Shay, Justin Bieber",7z5WFjZAIYejWy0NI5lv4T,Good Things,167693,74,2024,country,https://open.spotify.com/track/4j5ffIFh7bFT7GZciP1TCy,2021,3135732.0,"['contemporary country', 'country', 'country road']",12.0,67.0,89.991,0.63,10.0,1.0,4.0,0.0259,0.654,0.43,0.149,0.111,0.0,-4.644
3Fsjt1h1p2o86pC2lQopJc,Better Than I Know Myself,Adam Lambert,6prmLEyn4LfHlD9NnXWlf7,Trespassing (Deluxe Version),216173,47,2024,,https://open.spotify.com/track/3Fsjt1h1p2o86pC2lQopJc,2012,1577615.0,"['dance pop', 'idol', 'pop', 'post-teen pop']",15.0,56.0,109.452,0.812,10.0,1.0,5.0,0.138,0.484,0.308,0.0322,0.18,0.0,-4.743
4cNyHp6DzvKM3qm1UZHDGD,桃花諾 (電視劇《上古情歌》片尾曲),G.E.M.,7aRC4L63dBn3CiLDuWaLSI,上古情歌 電視劇原聲帶,219759,57,2024,mandopop; c-pop; cantopop; taiwanese pop; gufeng; malay pop,https://open.spotify.com/track/4cNyHp6DzvKM3qm1UZHDGD,2017,2694281.0,['mandopop'],7.0,60.0,69.872,0.347,9.0,0.0,5.0,0.0355,0.448,0.183,0.755,0.112,0.0,-9.014
2X42KFgnOSaxOHMG0nDOdj,Fight for You,Jason Derulo,07YZf4WDAMNwqr4jfgOZ8y,Future History (Deluxe Edition),242173,61,2024,,https://open.spotify.com/track/2X42KFgnOSaxOHMG0nDOdj,2011,11922459.0,"['dance pop', 'pop']",14.0,75.0,177.942,0.84,0.0,1.0,4.0,0.0787,0.416,0.523,0.0139,0.113,0.0,-4.298
5maiP9UMnTSgoxPX8X3bdz,Na Na,Trey Songz,2iojnBLj0qIMiKPvVhLnsH,Trigga,231906,70,2024,r&b,https://open.spotify.com/track/5maiP9UMnTSgoxPX8X3bdz,2014,7309161.0,"['dance pop', 'r&b', 'southern hip hop', 'trap', 'urban contemporary']",13.0,66.0,96.975,0.476,9.0,0.0,4.0,0.0406,0.67,0.235,0.328,0.104,0.0,-6.253
7Gr8gb3hqKr4zEbFlrVYPQ,Warm Up,NF,6fOMl44jA4Sp5b9PpYCkzz,Warm Up,180506,60,2024,christian hip hop,https://open.spotify.com/track/7Gr8gb3hqKr4zEbFlrVYPQ,2016,9738766.0,"['hip hop', 'pop rap']",1.0,76.0,127.986,0.474,1.0,1.0,3.0,0.141,0.588,0.108,0.144,0.112,0.0,-7.206
7w8SYlPLA9bqj7vRHvYNDz,Alive (with Offset & 2 Chainz),"Lil Jon, Offset, 2 Chainz",7sfl4Xt5KmfyDs2T3SVSMK,Alive (with Offset & 2 Chainz),235897,59,2024,crunk,https://open.spotify.com/track/7w8SYlPLA9bqj7vRHvYNDz,2018,1545590.0,"['atl hip hop', 'crunk', 'dance pop', 'dirty south rap', 'old school atlanta hip hop', 'pop rap', 'southern hip hop', 'trap']",1.0,70.0,150.061,0.726,2.0,1.0,4.0,0.323,0.811,0.57,0.362,0.121,1.88e-06,-6.726
2RdREuezrUKCuCcCz5a7ZC,Outside,Fiji Blue,1e7K8jD3wRuQfnwDAOeGqe,Reasons You Should Care,174081,55,2024,,https://open.spotify.com/track/2RdREuezrUKCuCcCz5a7ZC,2021,271838.0,"['chill pop', 'chill r&b']",6.0,52.0,94.927,0.639,6.0,0.0,4.0,0.0769,0.587,0.258,0.0924,0.269,4.53e-06,-6.883
1hXbbVF57nIcxIugYYtdms,Kick Back,WayV,1qBsABYUrxg9afpMtyoFKz,Kick Back - The 3rd Mini Album,230773,48,2024,k-pop; c-pop; noise music,https://open.spotify.com/track/1hXbbVF57nIcxIugYYtdms,2021,2146817.0,"['chinese idol pop', 'k-pop']",6.0,56.0,90.025,0.862,2.0,1.0,4.0,0.0744,0.643,0.318,0.0268,0.0801,0.0,-3.166
6rcn967QN5JtkPOBDwYIuT,BOOM,NCT DREAM,1gBUSTR3TyDdTVFIaQnc02,We Boom - The 3rd Mini Album,195080,67,2024,k-pop; noise music,https://open.spotify.com/track/6rcn967QN5JtkPOBDwYIuT,2019,7662218.0,"['k-pop', 'k-pop boy group']",6.0,72.0,119.969,0.516,5.0,0.0,4.0,0.0918,0.914,0.702,0.131,0.0441,0.0,-4.178
01BDK4Skxzh5mqnTbQzWGy,calgary,Tate McRae,45dkTj5sMRSjrmBSBeiHym,THINK LATER,140685,66,2024,,https://open.spotify.com/track/01BDK4Skxzh5mqnTbQzWGy,2023,5211606.0,['pop'],14.0,82.0,115.417,0.507,9.0,0.0,4.0,0.0332,0.593,0.399,0.506,0.0576,0.0,-7.639
1I2zZtHCrBkoTgfwxnNKZ9,you'd never know,BLÜ EYES,2gI1WfmpFmmgSRojy4Jup2,you'd never know,185321,50,2024,,https://open.spotify.com/track/1I2zZtHCrBkoTgfwxnNKZ9,2022,117577.0,"['alt z', 'gen z singer-songwriter']",1.0,43.0,149.859,0.43,8.0,1.0,4.0,0.0741,0.626,0.174,0.149,0.194,1.01e-05,-9.704
7rjGZWlqqeEMDrAabwZQhr,WHY,NF,6fOMl44jA4Sp5b9PpYCkzz,WHY,188989,56,2024,christian hip hop,https://open.spotify.com/track/7rjGZWlqqeEMDrAabwZQhr,2018,9738766.0,"['hip hop', 'pop rap']",1.0,76.0,158.351,0.77,10.0,0.0,4.0,0.51,0.737,0.431,0.368,0.306,0.0,-7.753
69vToJ9BMbbLlFZo7k7A7B,You Are The Reason,Calum Scott,6ydoSd3N2mwgwBHtF6K7eX,Only Human (Deluxe),204326,80,2024,soft pop,https://open.spotify.com/track/69vToJ9BMbbLlFZo7k7A7B,2018,5545118.0,['pop'],14.0,72.0,171.006,0.235,10.0,1.0,3.0,0.0303,0.329,0.22,0.918,0.137,0.0,-7.699
0Jlcvv8IykzHaSmj49uNW8,the 1,Taylor Swift,06HL4z0CvFAxyc27GXpf02,folklore,210251,77,2024,,https://open.spotify.com/track/0Jlcvv8IykzHaSmj49uNW8,2020,108717184.0,['pop'],16.0,100.0,139.883,0.357,0.0,1.0,4.0,0.0522,0.777,0.172,0.757,0.108,7.28e-06,-6.942
0Y1RDty5uEqseA1C4kqa4x,Heaven,Calum Scott,6ydoSd3N2mwgwBHtF6K7eX,Bridges,194141,53,2024,soft pop,https://open.spotify.com/track/0Y1RDty5uEqseA1C4kqa4x,2022,5545118.0,['pop'],14.0,72.0,127.531,0.353,2.0,1.0,4.0,0.033,0.566,0.394,0.52,0.11,0.0,-7.624
4l0RmWt52FxpVxMNni6i63,you broke me first,Tate McRae,45dkTj5sMRSjrmBSBeiHym,TOO YOUNG TO BE SAD,170234,85,2024,,https://open.spotify.com/track/4l0RmWt52FxpVxMNni6i63,2021,5211606.0,['pop'],6.0,82.0,124.027,0.379,4.0,1.0,4.0,0.0543,0.66,0.0762,0.798,0.0913,0.0,-9.357
57DJaoHdeeRrg7MWthNnee,Body Back (feat. Maia Wright),"Gryffin, Maia Wright",2ZRQcIgzPCVaT9XKhXZIzh,Gravity,214546,64,2024,edm; melodic bass; future bass,https://open.spotify.com/track/57DJaoHdeeRrg7MWthNnee,2019,946966.0,"['edm', 'pop dance']",16.0,64.0,123.036,0.832,8.0,1.0,4.0,0.0366,0.687,0.448,0.0931,0.183,1.32e-06,-4.434
000xQL6tZNLJzIrtIgxqSl,Still Got Time (feat. PARTYNEXTDOOR),"ZAYN, PARTYNEXTDOOR",5ZsFI1h6hIdQRw2ti0hz81,Still Got Time (feat. PARTYNEXTDOOR),188193,56,2024,,https://open.spotify.com/track/000xQL6tZNLJzIrtIgxqSl,2017,22805851.0,"['pop', 'uk pop']",1.0,73.0,120.963,0.627,7.0,1.0,4.0,0.0639,0.748,0.524,0.131,0.0852,0.0,-6.029
00KVz6PXOl8T68W8PTwJJE,走到飛 - 完整版,"TroutFresh, ØZI, Julia Wu, Kumachan, BCW, Barry Chen, 大支",78IEFKJN8gQgJM1WOvt2Tl,走到飛 (完整版),304966,43,2024,chinese hip hop; taiwanese pop; chinese r&b; taiwanese indie; chinese indie; mandopop; c-pop,https://open.spotify.com/track/00KVz6PXOl8T68W8PTwJJE,2018,77652.0,"['mandopop', 'taiwan hip hop']",1.0,33.0,148.055,0.799,8.0,0.0,4.0,0.0878,0.636,0.19,0.011,0.128,0.0,-2.663
6Id2xJ5UnVKrncAlwKZCr2,明月传说 - 电视剧《风起霓裳》主题曲,Zhou Shen,0BezPR1Hn38i8qShQKunSD,明月传说 (电视剧《风起霓裳》主题曲),255251,40,2024,gufeng; c-pop; mandopop,https://open.spotify.com/track/6Id2xJ5UnVKrncAlwKZCr2,2021,448598.0,"['chinese talent show', 'mainland chinese pop']",1.0,53.0,177.625,0.224,6.0,0.0,4.0,0.03,0.355,0.221,0.926,0.104,0.00012,-11.852
76qqDJijAjFph7sjUxNVG8,Shhh,KISS OF LIFE,4TEK9tIkcoxib4GxT3O4ky,KISS OF LIFE,182240,62,2024,k-pop,https://open.spotify.com/track/76qqDJijAjFph7sjUxNVG8,2023,745889.0,['k-pop girl group'],6.0,68.0,99.98,0.758,6.0,1.0,4.0,0.117,0.796,0.829,0.156,0.0622,2.65e-06,-4.402
5gqGq4xbGAypDUD6YZVIUG,Try,Fly By Midnight,4rQTEdG6hDVOlDUFKs9EjZ,Try,136941,0,2024,,https://open.spotify.com/track/5gqGq4xbGAypDUD6YZVIUG,2024,248275.0,['singer-songwriter pop'],1.0,57.0,169.826,0.863,7.0,1.0,4.0,0.0476,0.568,0.654,0.0583,0.161,0.00319,-5.232
0W6cB9dPUnsL5iKOpxuSAK,Run Back To You,"LAY, LAUV",4o7tWrzQOqarDtTMWD2HV9,Run Back To You,188750,57,2024,c-pop; chinese hip hop; malay pop; mandopop; k-pop,https://open.spotify.com/track/0W6cB9dPUnsL5iKOpxuSAK,2024,1518016.0,"['chinese electropop', 'chinese idol pop', 'k-pop']",1.0,56.0,117.993,0.594,10.0,1.0,4.0,0.0454,0.925,0.885,0.0341,0.107,0.00232,-5.755
4RJTTrZqPFWaWACVXHkvjw,Everyday,"Ariana Grande, Future",66CXWjxzNUsdJxJ2JdwvnR,Dangerous Woman,194840,70,2024,pop,https://open.spotify.com/track/4RJTTrZqPFWaWACVXHkvjw,2016,95921722.0,['pop'],11.0,90.0,131.004,0.733,7.0,0.0,4.0,0.0563,0.637,0.431,0.0149,0.162,0.0,-4.413
6zegtH6XXd2PDPLvy1Y0n2,Don’t Call Me Angel (Charlie’s Angels) (with Miley Cyrus & Lana Del Rey),"Ariana Grande, Miley Cyrus, Lana Del Rey",66CXWjxzNUsdJxJ2JdwvnR,Charlie's Angels (Original Motion Picture Soundtrack),190066,72,2024,pop,https://open.spotify.com/track/6zegtH6XXd2PDPLvy1Y0n2,2019,95921722.0,['pop'],11.0,90.0,102.861,0.755,1.0,1.0,4.0,0.0448,0.644,0.334,0.00237,0.0859,7.64e-06,-5.325
4mFcwFOlSCxp6hjemRXwpd,hurt my feelings,Tate McRae,45dkTj5sMRSjrmBSBeiHym,THINK LATER,122416,71,2024,,https://open.spotify.com/track/4mFcwFOlSCxp6hjemRXwpd,2023,5211606.0,['pop'],14.0,82.0,98.014,0.829,2.0,1.0,4.0,0.0509,0.667,0.265,0.0168,0.155,0.0,-3.74
36gcliMRX1vCpgnrZE3dFZ,10:35,"Tiësto, Tate McRae",2o5jDhtHVPhrJdv3cEQ99Z,DRIVE,172252,78,2024,edm; trance; big room,https://open.spotify.com/track/36gcliMRX1vCpgnrZE3dFZ,2023,7223693.0,"['big room', 'brostep', 'dutch edm', 'edm', 'house', 'pop dance', 'slap house', 'trance']",12.0,82.0,120.003,0.793,8.0,1.0,4.0,0.097,0.696,0.698,0.0683,0.18,3.78e-06,-5.733
0WdR2AyLW1Drd3OUdwezM0,everytime,Ariana Grande,66CXWjxzNUsdJxJ2JdwvnR,Sweetener,172106,78,2024,pop,https://open.spotify.com/track/0WdR2AyLW1Drd3OUdwezM0,2018,95921722.0,['pop'],15.0,90.0,148.152,0.614,10.0,0.0,4.0,0.0431,0.71,0.658,0.186,0.0974,0.0,-6.757
09b31KaJfkzpPGNDsihd4t,IBTFY,"UZ, TroyBoi",2hndbDJCfHwD1o2ZTzKLMo,IBTFY,152275,22,2024,edm trap,https://open.spotify.com/track/09b31KaJfkzpPGNDsihd4t,2024,56172.0,['electronic trap'],1.0,30.0,145.129,0.825,11.0,1.0,4.0,0.0357,0.695,0.4,0.0241,0.194,0.71,-2.952
3gqwGXmqVOoKl7wqVMNJ7g,毒蘋果,G.E.M.,7aRC4L63dBn3CiLDuWaLSI,毒蘋果,251272,38,2024,mandopop; c-pop; cantopop; taiwanese pop; gufeng; malay pop,https://open.spotify.com/track/3gqwGXmqVOoKl7wqVMNJ7g,2018,2694281.0,['mandopop'],3.0,60.0,109.993,0.742,7.0,1.0,4.0,0.0265,0.677,0.487,0.00296,0.16,0.0,-5.28
7LtN3QdIRFlSyZXLOv2LQW,where tf have you been?,vaultboy,0K87f3owemzI8NUCoEIXOB,where tf have you been?,170602,26,2024,,https://open.spotify.com/track/7LtN3QdIRFlSyZXLOv2LQW,2024,249592.0,['singer-songwriter pop'],1.0,57.0,82.786,0.478,7.0,1.0,4.0,0.0572,0.564,0.363,0.00455,0.0739,0.0,-6.543
5wTM6WiTkZ8pMqZTzKDkU2,HOW IT GOES,Matt Corman,2AqMgLvl1EKuvpjFQIIX0U,HOW IT GOES,141465,55,2024,,https://open.spotify.com/track/5wTM6WiTkZ8pMqZTzKDkU2,2024,28595.0,[],1.0,45.0,102.996,0.533,11.0,0.0,4.0,0.178,0.828,0.163,0.0707,0.294,0.0234,-7.772
1NMYbsFZyxwHRNaLGzFGWh,Who I Am,"Alan Walker, Putri Ariani, Peder Elias",7vk5e3vY1uw9plTHJAMwjN,Who I Am,193776,63,2024,,https://open.spotify.com/track/1NMYbsFZyxwHRNaLGzFGWh,2024,38423094.0,['electro house'],1.0,77.0,108.864,0.53,5.0,0.0,5.0,0.0405,0.531,0.329,0.133,0.0927,0.0,-5.267
6Cds0aUGW0olm8E5kxSZ5J,Million Cash,"Connor Price, Armani White",5zixe6AbgXPqt4c1uSl94L,Million Cash,144059,60,2023,,https://open.spotify.com/track/6Cds0aUGW0olm8E5kxSZ5J,2023,1293601.0,['singer-songwriter pop'],1.0,71.0,130.047,0.617,1.0,1.0,4.0,0.251,0.942,0.648,0.187,0.277,3.9e-05,-6.005
3U1TuSqHIubBA10cVP7Sk6,I Think I'm In Love,Kat Dahlia,1peH5tSqnYm8W6Bo3I5egE,My Garden,202666,70,2023,,https://open.spotify.com/track/3U1TuSqHIubBA10cVP7Sk6,2015,300297.0,"['hip pop', 'miami hip hop']",11.0,47.0,121.868,0.638,7.0,1.0,3.0,0.0505,0.632,0.574,0.137,0.125,0.0,-6.731
7fdTVjOFYWyfUXXTpIL917,Fantastic,Tyga,5LHRHt1k9lMyONurDHEdrp,Fantastic,172361,60,2023,,https://open.spotify.com/track/7fdTVjOFYWyfUXXTpIL917,2022,6784058.0,"['hip hop', 'pop rap', 'rap', 'southern hip hop', 'trap']",1.0,75.0,105.98,0.572,2.0,1.0,4.0,0.179,0.938,0.191,0.00668,0.0932,0.0,-4.682
49COPp81lGS9Hl9OwKlsKl,Polaroid,"Jonas Blue, Liam Payne, Lennon Stella",1HBjj22wzbscIZ9sEb5dyf,Blue,193377,65,2023,tropical house,https://open.spotify.com/track/49COPp81lGS9Hl9OwKlsKl,2018,3724571.0,"['pop', 'pop dance', 'tropical house', 'uk dance']",15.0,70.0,114.043,0.898,7.0,0.0,4.0,0.0361,0.652,0.472,0.29,0.073,0.0,-4.481
5B8VpcIC3EAI3wke3XQoRy,Fire!,"Alan Walker, YUQI, JVKE, i-dle",7vk5e3vY1uw9plTHJAMwjN,"Fire! (feat. YUQI ((G)I-DLE), JVKE)",123624,61,2023,,https://open.spotify.com/track/5B8VpcIC3EAI3wke3XQoRy,2023,38423094.0,['electro house'],1.0,77.0,125.0,0.702,1.0,1.0,4.0,0.0471,0.764,0.378,0.0621,0.08,0.0,-5.738
5X1VGqaNrpXC8HBPEA4uDT,Be Your Everything,BOYS LIKE GIRLS,0vWCyXMrrvMlCcepuOJaGI,Crazy World,210706,54,2023,pop punk; emo,https://open.spotify.com/track/5X1VGqaNrpXC8HBPEA4uDT,2012,1189868.0,"['neon pop punk', 'pop punk']",11.0,57.0,148.035,0.833,10.0,1.0,4.0,0.0334,0.501,0.68,0.0303,0.0788,0.0,-4.954
7uyeEbG6hyApgXuEypGcsZ,Baddie,IVE,6RHTUrRF63xao58xh9FXYJ,I'VE MINE,154360,66,2023,k-pop,https://open.spotify.com/track/7uyeEbG6hyApgXuEypGcsZ,2023,3978756.0,['k-pop girl group'],6.0,71.0,160.045,0.678,5.0,1.0,4.0,0.0464,0.736,0.757,0.0459,0.104,5.46e-06,-4.503
3gTQwwDNJ42CCLo3Sf4JDd,S-Class,Stray Kids,2dIgFjalVxs4ThymZ67YCE,5-STAR,195688,76,2023,k-pop; noise music,https://open.spotify.com/track/3gTQwwDNJ42CCLo3Sf4JDd,2023,15173090.0,"['k-pop', 'k-pop boy group', 'pop']",12.0,79.0,104.996,0.781,5.0,0.0,4.0,0.333,0.886,0.672,0.0895,0.0715,0.0,-1.837
7e7JVMegy4WBMnzuZE9Srq,Different Lives,"Fly By Midnight, Rachel Grae",4rQTEdG6hDVOlDUFKs9EjZ,Different Lives,197250,64,2023,,https://open.spotify.com/track/7e7JVMegy4WBMnzuZE9Srq,2023,248275.0,['singer-songwriter pop'],1.0,57.0,120.012,0.825,0.0,0.0,4.0,0.0337,0.667,0.681,0.0489,0.132,0.0,-5.415
021L6LlBBtr34BmFRHd9Ic,FIRST,EVERGLOW,3ZZzT0naD25RhY2uZvIKkJ,Last Melody,212280,56,2023,k-pop; noise music,https://open.spotify.com/track/021L6LlBBtr34BmFRHd9Ic,2021,2139107.0,"['k-pop', 'k-pop girl group']",3.0,55.0,152.02,0.864,6.0,0.0,4.0,0.0654,0.611,0.455,0.00852,0.136,1.68e-06,-2.345
6PRy17C5LiiN7VCLS6IA98,Future Perfect (Pass the MIC),ENHYPEN,5t5FqBwTcgKTaWmfEbwQY9,MANIFESTO : DAY 1,180750,68,2023,k-pop,https://open.spotify.com/track/6PRy17C5LiiN7VCLS6IA98,2022,8499927.0,"['anime', 'k-pop boy group']",6.0,75.0,156.096,0.9,9.0,0.0,4.0,0.264,0.658,0.526,0.0364,0.0771,0.0,-3.479
5AxhA8xrGrHFqUjIVbrDk0,Overnight,"Connor Price, Tommy Royale",5zixe6AbgXPqt4c1uSl94L,Overnight,130330,51,2023,,https://open.spotify.com/track/5AxhA8xrGrHFqUjIVbrDk0,2023,1293601.0,['singer-songwriter pop'],1.0,71.0,104.041,0.777,6.0,0.0,4.0,0.121,0.869,0.362,0.0403,0.107,0.0,-4.493
3CWq0pAKKTWb0K4yiglDc4,You’re Losing Me (From The Vault),Taylor Swift,06HL4z0CvFAxyc27GXpf02,You're Losing Me (From The Vault),277831,76,2023,,https://open.spotify.com/track/3CWq0pAKKTWb0K4yiglDc4,2023,108717184.0,['pop'],1.0,100.0,102.984,0.391,0.0,1.0,4.0,0.052,0.747,0.195,0.529,0.111,0.003,-13.767
6I3mqTwhRpn34SLVafSH7G,Ghost,Justin Bieber,1uNFoZAHBGtllmzznpCI3s,Justice,153190,88,2023,,https://open.spotify.com/track/6I3mqTwhRpn34SLVafSH7G,2021,74608422.0,"['canadian pop', 'pop']",16.0,86.0,153.96,0.741,2.0,1.0,4.0,0.0478,0.601,0.441,0.185,0.415,2.91e-05,-5.569
2hqn75Y9fEzL0qPoPRXCvX,Fire,SEVENTEEN,7nqOGRxlXj7N2JYbgNEjYH,FML,158213,57,2023,k-pop,https://open.spotify.com/track/2hqn75Y9fEzL0qPoPRXCvX,2023,11246705.0,"['k-pop', 'k-pop boy group']",6.0,76.0,119.96,0.666,1.0,1.0,4.0,0.274,0.963,0.771,0.0864,0.0723,0.0,-3.085
3VBj0lzjmhTzVFPEDOjNCG,BATTER UP,BABYMONSTER,1SIocsqdEefUTE6XKGUiVS,BATTER UP,188179,74,2023,k-pop,https://open.spotify.com/track/3VBj0lzjmhTzVFPEDOjNCG,2023,1164812.0,[],1.0,72.0,130.01,0.685,11.0,0.0,4.0,0.105,0.903,0.873,0.069,0.127,1.12e-05,-4.772
7pXKHhayzs2JVDP5VKxUo6,Cash Money,Tyga,5LHRHt1k9lMyONurDHEdrp,Cash Money - Single,210114,51,2023,,https://open.spotify.com/track/7pXKHhayzs2JVDP5VKxUo6,2016,6784058.0,"['hip hop', 'pop rap', 'rap', 'southern hip hop', 'trap']",1.0,75.0,99.984,0.58,5.0,0.0,4.0,0.163,0.928,0.473,0.163,0.112,0.0,-4.268
1nxq1mZ8No27L4e5BAMrE3,归去来兮 - 网剧《双世宠妃2》主题曲,叶炫清,74UyyufIwsQ17VOkYbau9H,归去来兮 (网剧《双世宠妃2》主题曲),238421,48,2023,gufeng; c-pop; mandopop,https://open.spotify.com/track/1nxq1mZ8No27L4e5BAMrE3,2018,15446.0,"['chinese drama ost', 'zhongguo feng']",2.0,38.0,140.05,0.495,0.0,0.0,4.0,0.0317,0.434,0.343,0.703,0.107,0.0,-9.223
2B4Da1gud3hAKcCwo0dNMG,Cheap Cologne,GRAHAM,662lI9CXPZ0a6ou4CkLr0G,Cheap Cologne,131600,0,2023,,https://open.spotify.com/track/2B4Da1gud3hAKcCwo0dNMG,2023,185130.0,['singer-songwriter pop'],1.0,63.0,149.996,0.676,0.0,1.0,4.0,0.0411,0.611,0.313,0.645,0.0842,0.0,-6.591
3gt3BD4A92u4nv6oS5Jkmq,he never will,Alexander Stewart,0znpFLuaey34oJTE1jHSnT,he never will,171133,51,2023,pop singer-songwriter,https://open.spotify.com/track/3gt3BD4A92u4nv6oS5Jkmq,2023,996771.0,['singer-songwriter pop'],1.0,62.0,130.013,0.764,8.0,1.0,4.0,0.0503,0.672,0.533,0.118,0.109,0.0,-4.92
0HD8mbiPjp3o94X3EaZp0o,exes,Tate McRae,45dkTj5sMRSjrmBSBeiHym,exes,159400,5,2023,,https://open.spotify.com/track/0HD8mbiPjp3o94X3EaZp0o,2023,5211606.0,['pop'],2.0,82.0,136.965,0.569,5.0,0.0,4.0,0.0621,0.838,0.551,0.152,0.102,0.000136,-6.324
1RnGnadcVIfwOzk5OR8Hg2,一首未完的歌,Nicky Lee,6DuHQk8gJbyVlhajer8IuF,一首未完的歌,156860,0,2023,mandopop; c-pop; taiwanese pop; chinese r&b; malay pop,https://open.spotify.com/track/1RnGnadcVIfwOzk5OR8Hg2,2023,120964.0,['mandopop'],2.0,53.0,139.538,0.48,9.0,1.0,4.0,0.0381,0.424,0.281,0.744,0.114,0.0,-7.527
0jAfdqv18goRTUxm3ilRjb,Startender (feat. Offset and Tyga),"A Boogie Wit da Hoodie, Tyga, Offset",31W5EY0aAly4Qieq6OFu6I,Hoodie SZN,192779,61,2023,melodic rap,https://open.spotify.com/track/0jAfdqv18goRTUxm3ilRjb,2018,8108788.0,"['melodic rap', 'rap', 'trap']",20.0,77.0,191.971,0.622,6.0,0.0,4.0,0.133,0.736,0.506,0.0235,0.151,0.0,-4.653
1f5cbQtDrykjarZVrShaDI,Drowning (feat. Kodak Black),"A Boogie Wit da Hoodie, Kodak Black",31W5EY0aAly4Qieq6OFu6I,The Bigger Artist,209269,81,2023,melodic rap,https://open.spotify.com/track/1f5cbQtDrykjarZVrShaDI,2017,8108788.0,"['melodic rap', 'rap', 'trap']",15.0,77.0,129.014,0.81,5.0,0.0,4.0,0.0568,0.839,0.814,0.501,0.117,0.0,-5.274
1Hdh6lJUR1WZCiNPVWxLTA,ON TEN,Arizona Zervas,0vRvGUQVUjytro0xpb26bs,ON TEN,137721,49,2023,,https://open.spotify.com/track/1Hdh6lJUR1WZCiNPVWxLTA,2022,745211.0,"['indie pop rap', 'pop rap', 'rhode island rap']",3.0,60.0,162.037,0.741,4.0,1.0,4.0,0.0527,0.771,0.712,0.0554,0.31,0.0,-5.59
0C9jcWGLKuVTg03yh3zyZP,萬物不如你,Jason Zhang,75udD9hen8NeHTe92rUNLa,萬物不如你 (電視劇《長相思》主題曲),240085,48,2023,gufeng; c-pop; mandopop,https://open.spotify.com/track/0C9jcWGLKuVTg03yh3zyZP,2023,4846.0,[],2.0,39.0,80.057,0.285,10.0,1.0,4.0,0.0299,0.506,0.253,0.83,0.101,0.0,-11.477
1OG1NoKpZZLrMqMYCk9m84,LALALALA,Stray Kids,2dIgFjalVxs4ThymZ67YCE,ROCK-STAR,182224,78,2023,k-pop; noise music,https://open.spotify.com/track/1OG1NoKpZZLrMqMYCk9m84,2023,15173090.0,"['k-pop', 'k-pop boy group', 'pop']",8.0,79.0,125.976,0.849,0.0,1.0,4.0,0.0493,0.705,0.609,0.0647,0.653,0.0,-2.595
5XWlyfo0kZ8LF7VSyfS4Ew,Drama,aespa,6YVMFz59CuY7ngCxTxjpxE,Drama - The 4th Mini Album,214973,76,2023,k-pop,https://open.spotify.com/track/5XWlyfo0kZ8LF7VSyfS4Ew,2023,5134246.0,['k-pop girl group'],7.0,71.0,131.016,0.872,6.0,0.0,4.0,0.0417,0.644,0.378,0.164,0.363,0.0,-1.54
4XYz4ldX2fMUZatfsz4gkY,風,隊長,4SpsVETdnMLwPHyOW0FlQz,風,235912,39,2023,chinese r&b; mandopop; c-pop; chinese hip hop,https://open.spotify.com/track/4XYz4ldX2fMUZatfsz4gkY,2023,184435.0,['chinese viral pop'],1.0,53.0,130.092,0.617,2.0,1.0,4.0,0.0351,0.502,0.194,0.0158,0.0772,3.5e-06,-7.999
02rCsWqlOXnwsa5XXcMxKN,How We Roll - Remix,"Ciara, Lil Wayne, Chris Brown",2NdeV5rLm47xAvogXrYhJX,How We Roll (Remix),221404,0,2023,,https://open.spotify.com/track/02rCsWqlOXnwsa5XXcMxKN,2023,6464199.0,"['dance pop', 'hip pop', 'pop', 'r&b', 'urban contemporary']",1.0,67.0,96.001,0.644,11.0,1.0,4.0,0.0642,0.752,0.306,0.136,0.102,0.0,-5.498
1Iq8oo9XkmmvCQiGOfORiz,Is It Over Now? (Taylor's Version) (From The Vault),Taylor Swift,06HL4z0CvFAxyc27GXpf02,1989 (Taylor's Version),229477,74,2023,,https://open.spotify.com/track/1Iq8oo9XkmmvCQiGOfORiz,2023,108717184.0,['pop'],21.0,100.0,100.012,0.658,0.0,1.0,4.0,0.036,0.596,0.176,0.0504,0.127,0.0,-7.346
4NioO5R9sHEZh4cGzMHyNt,Say Don't Go (Taylor's Version) (From The Vault),Taylor Swift,06HL4z0CvFAxyc27GXpf02,1989 (Taylor's Version),279833,70,2023,,https://open.spotify.com/track/4NioO5R9sHEZh4cGzMHyNt,2023,108717184.0,['pop'],21.0,100.0,109.946,0.547,4.0,1.0,4.0,0.0342,0.626,0.192,0.0656,0.149,1.67e-05,-8.285
76K4ShMg2oDyw6VfKeabB8,My Own Advice,"William Black, ILLENIUM, Alana Springsteen",7d5SfGXKpgS3JK8BFIq59h,My Own Advice,192000,37,2023,melodic bass; future bass; edm,https://open.spotify.com/track/76K4ShMg2oDyw6VfKeabB8,2023,108816.0,"['melodic dubstep', 'pop edm']",1.0,51.0,95.464,0.646,7.0,1.0,4.0,0.0727,0.534,0.318,0.0962,0.11,0.0,-4.541
1TXbPx0WUaJM0fjDVs4wCD,Hands On Me (feat. Meghan Trainor),"Jason Derulo, Meghan Trainor",07YZf4WDAMNwqr4jfgOZ8y,Hands On Me (feat. Meghan Trainor),183022,52,2023,,https://open.spotify.com/track/1TXbPx0WUaJM0fjDVs4wCD,2023,11922459.0,"['dance pop', 'pop']",1.0,75.0,141.918,0.639,9.0,1.0,4.0,0.125,0.691,0.71,0.0244,0.102,0.0,-7.321
5EtiQveQFQy0R05hLVDyKv,Fact Check,NCT 127,7f4ignuCJhLXfZ9giKT7rH,Fact Check - The 5th Album,184653,1,2023,k-pop; noise music,https://open.spotify.com/track/5EtiQveQFQy0R05hLVDyKv,2023,7368639.0,"['k-pop', 'k-pop boy group']",9.0,65.0,130.012,0.908,5.0,0.0,4.0,0.113,0.758,0.572,0.0768,0.257,0.0,-2.652
4EVUeR2sbqG1cI96Csz2vo,Underdog,Connor Price,5zixe6AbgXPqt4c1uSl94L,Underdog,143406,43,2023,,https://open.spotify.com/track/4EVUeR2sbqG1cI96Csz2vo,2023,1293601.0,['singer-songwriter pop'],1.0,71.0,130.043,0.645,7.0,1.0,4.0,0.11,0.865,0.728,0.183,0.0941,0.0,-6.722
1DNXCTUHCGcr9kJ6LynYEC,'Cause You Have To,LANY,49tQo2QULno7gxHutgccqF,a beautiful blur,250595,52,2023,,https://open.spotify.com/track/1DNXCTUHCGcr9kJ6LynYEC,2023,5725525.0,"['la pop', 'opm']",13.0,71.0,161.097,0.498,11.0,1.0,3.0,0.0338,0.451,0.403,0.562,0.124,0.000441,-8.145
3ak6Fscs4qMoVsIwaDLgZv,Wait,August Alsina,19Fi1Rj7kk8kyiwxpXy3yM,Wait,205413,53,2023,,https://open.spotify.com/track/3ak6Fscs4qMoVsIwaDLgZv,2017,2582030.0,"['pop r&b', 'pop rap', 'r&b', 'southern hip hop', 'trap', 'urban contemporary']",1.0,56.0,144.928,0.671,1.0,0.0,4.0,0.283,0.582,0.349,0.00326,0.274,2.5e-06,-7.408
763v0n4szIsWp3HOsfi7qq,Good Together,shy martin,7eCmccnRwPmRnWPw61x6jM,Good Together,205295,0,2023,,https://open.spotify.com/track/763v0n4szIsWp3HOsfi7qq,2017,294193.0,"['alt z', 'swedish electropop']",1.0,53.0,120.151,0.415,6.0,1.0,4.0,0.0668,0.598,0.299,0.199,0.111,0.0,-7.081
2qWIeuIxVJglnWWsDpyhfU,RINGO,ITZY,2KC9Qb60EaY0kW4eH68vr3,RINGO,209000,51,2023,k-pop,https://open.spotify.com/track/2qWIeuIxVJglnWWsDpyhfU,2023,7139826.0,"['k-pop', 'k-pop girl group']",1.0,69.0,119.998,0.921,4.0,0.0,4.0,0.0796,0.78,0.828,0.139,0.347,0.0,-2.382
15UfxAJYLPNslUUaBxZnPG,Don't Stop,"Tujamo, DJs From Mars",2vVNxGBvKRQMWwI5c8KmYh,Don't Stop,166755,25,2023,,https://open.spotify.com/track/15UfxAJYLPNslUUaBxZnPG,2023,,,1.0,,127.869,0.84,1.0,1.0,4.0,0.078,0.697,0.32,0.0826,0.607,2.2e-05,-5.317
1qRfAvzRIJQodWKBNFAb6C,"Smoke (Prod. Dynamicduo, Padi)","Dynamicduo, Lee Young Ji",4nvFFLtv7ZqoTr83387uK4,Street Woman Fighter2 (SWF2) Class Mission,209546,59,2023,k-rap; k-pop,https://open.spotify.com/track/1qRfAvzRIJQodWKBNFAb6C,2023,213510.0,"['k-rap', 'korean r&b']",4.0,52.0,98.015,0.818,11.0,0.0,4.0,0.328,0.768,0.769,0.0317,0.0908,1.35e-06,-4.057
3f4ZXh0lePQvXk1yfdSjEb,我沒想過會這樣失去你,Firdhaus,6fOqdhRNsMQqtwRwgo3NUv,我沒想過會這樣失去你,327300,60,2023,mandopop; c-pop; chinese r&b; taiwanese pop,https://open.spotify.com/track/3f4ZXh0lePQvXk1yfdSjEb,2023,26545.0,['malaysian mandopop'],1.0,53.0,131.789,0.294,2.0,1.0,4.0,0.0363,0.557,0.377,0.747,0.098,0.0,-10.663
5DNGbLPU0fQVWPWToqCodN,hard to let you go,Sherman Zhuo,6Ol8MzcK4ARqC8cTJbFxAw,hard to let you go,280845,0,2023,mandopop; chinese r&b; c-pop,https://open.spotify.com/track/5DNGbLPU0fQVWPWToqCodN,2023,4529.0,['chinese r&b'],1.0,34.0,135.414,0.431,2.0,1.0,4.0,0.0282,0.494,0.425,0.686,0.249,0.0,-6.492
4VUwkH455At9kENOfzTqmF,Beautiful (feat. Camila Cabello),"Bazzi, Camila Cabello",4GvEc3ANtPPjt1ZJllr5Zl,Beautiful (feat. Camila Cabello),180000,82,2023,,https://open.spotify.com/track/4VUwkH455At9kENOfzTqmF,2018,5438904.0,['pop'],1.0,65.0,100.027,0.717,2.0,1.0,4.0,0.0337,0.638,0.249,0.346,0.105,0.0,-4.722
7uzmGiiJyRfuViKKK3lVmR,Mine,Bazzi,4GvEc3ANtPPjt1ZJllr5Zl,COSMIC,131064,76,2023,,https://open.spotify.com/track/7uzmGiiJyRfuViKKK3lVmR,2018,5438904.0,['pop'],16.0,65.0,142.929,0.789,4.0,1.0,4.0,0.0722,0.71,0.717,0.0161,0.451,2.77e-06,-3.874
0KOatjuWsoVPMx4uudBPNB,光的方向 (電視劇《長歌行》片頭主題曲),Zhang Bichen,7n6JzP9GxGVVzXG0t0gLu3,光的方向 (電視劇《長歌行》片頭主題曲),185207,33,2023,gufeng; mandopop; c-pop,https://open.spotify.com/track/0KOatjuWsoVPMx4uudBPNB,2021,196427.0,['mainland chinese pop'],1.0,49.0,81.082,0.806,7.0,0.0,4.0,0.0384,0.379,0.194,0.329,0.141,0.0,-4.576
65KjitGykI5QIcsYrNhPZR,戒菸,Ronghao Li,0rTP0x4vRFSDbhtqcCqc8K,嗯,293875,64,2023,mandopop; c-pop; taiwanese pop; malay pop,https://open.spotify.com/track/65KjitGykI5QIcsYrNhPZR,2017,782178.0,"['chinese singer-songwriter', 'mainland chinese pop', 'mandopop']",10.0,55.0,120.002,0.471,7.0,1.0,4.0,0.0294,0.656,0.226,0.73,0.181,1.79e-06,-6.909
6lZKB76djHxzO0p2Y3E8vj,很久以後 - 電影《可不可以，你也剛好喜歡我》主題曲,G.E.M.,7aRC4L63dBn3CiLDuWaLSI,摩天動物園,290264,56,2023,mandopop; c-pop; cantopop; taiwanese pop; gufeng; malay pop,https://open.spotify.com/track/6lZKB76djHxzO0p2Y3E8vj,2019,2694281.0,['mandopop'],13.0,60.0,145.948,0.474,2.0,1.0,4.0,0.0343,0.459,0.182,0.67,0.1,1.41e-05,-8.962
5YLHLxoZsodDWjqSgjhBf3,Myself,Bazzi,4GvEc3ANtPPjt1ZJllr5Zl,COSMIC,167552,68,2023,,https://open.spotify.com/track/5YLHLxoZsodDWjqSgjhBf3,2018,5438904.0,['pop'],16.0,65.0,195.918,0.561,9.0,0.0,4.0,0.072,0.745,0.902,0.465,0.0338,1.12e-06,-5.513
2OpBganfGk2GVdSlRdxzaX,Better,Khalid,6LuN9FCkKOj5PcnpouEgny,Suncity,229319,82,2023,,https://open.spotify.com/track/2OpBganfGk2GVdSlRdxzaX,2018,16079816.0,"['pop', 'pop r&b']",7.0,80.0,98.035,0.586,0.0,0.0,4.0,0.0658,0.695,0.112,0.102,0.113,0.317,-10.315
3USxtqRwSYz57Ewm6wWRMp,Heat Waves,Glass Animals,4yvcSjfu4PC0CYQyLy4wSq,Dreamland,238805,92,2023,,https://open.spotify.com/track/3USxtqRwSYz57Ewm6wWRMp,2020,4085432.0,"['gauze pop', 'indietronica', 'modern rock', 'pov: indie', 'shiver pop']",16.0,72.0,80.87,0.525,11.0,1.0,4.0,0.0944,0.761,0.531,0.44,0.0921,6.7e-06,-6.9
7lozLnUfzcgEpMMVQI7yhA,Why,Bazzi,4GvEc3ANtPPjt1ZJllr5Zl,COSMIC,148259,71,2023,,https://open.spotify.com/track/7lozLnUfzcgEpMMVQI7yhA,2018,5438904.0,['pop'],16.0,65.0,113.01,0.67,8.0,1.0,4.0,0.0374,0.676,0.54,0.353,0.103,0.0,-6.584
0b11D9D0hMOYCIMN3OKreM,Into Your Arms (feat. Ava Max),"Witt Lowry, Ava Max",5ghnxpW47ojtLHHyTLdxdY,Into Your Arms (feat. Ava Max),186022,76,2023,,https://open.spotify.com/track/0b11D9D0hMOYCIMN3OKreM,2018,589643.0,"['deep underground hip hop', 'indie pop rap']",3.0,54.0,170.039,0.788,3.0,0.0,4.0,0.215,0.504,0.228,0.0134,0.363,0.0,-4.113
1taiDahVskB99RG2YJjxbx,Who We R,Dru Chen,0n1n8JVg3vec8svJHivjnf,Who We R,144969,0,2023,,https://open.spotify.com/track/1taiDahVskB99RG2YJjxbx,2020,5625.0,['singaporean pop'],1.0,31.0,79.835,0.401,4.0,0.0,4.0,0.179,0.467,0.777,0.275,0.387,0.0,-6.783
2dHH3pG8xx0YOZDKyDD9eG,greedy,Tate McRae,45dkTj5sMRSjrmBSBeiHym,greedy,131872,0,2023,,https://open.spotify.com/track/2dHH3pG8xx0YOZDKyDD9eG,2023,5211606.0,['pop'],1.0,82.0,111.026,0.726,6.0,0.0,1.0,0.0326,0.753,0.827,0.243,0.114,0.0,-3.209
0dxp7DyPJEo6JhtnjUtBnN,On My Love,"Zara Larsson, David Guetta",1Xylc3o4UrD53lo9CvFvVg,On My Love,222911,65,2023,,https://open.spotify.com/track/0dxp7DyPJEo6JhtnjUtBnN,2023,10381231.0,"['pop', 'scandipop', 'swedish electropop', 'swedish pop']",1.0,74.0,123.051,0.691,10.0,0.0,4.0,0.0447,0.495,0.299,0.0745,0.0881,0.0033,-4.989
1WMCwGfNf4ndXbsvHPVqlh,Told You So,"Mike Perry, Orange Villa",6lB8vOoI4DRrrVxXwuV19c,Told You So,146355,51,2023,tropical house,https://open.spotify.com/track/1WMCwGfNf4ndXbsvHPVqlh,2020,1440818.0,"['pop dance', 'swedish tropical house']",1.0,59.0,100.1,0.813,1.0,1.0,4.0,0.112,0.699,0.263,0.0391,0.145,0.0,-4.177
5hzrmJKIS2CHmvlUWkdlYy,Seventeen,Joyner Lucas,6C1ohJrd5VydigQtaGy5Wa,Seventeen,205925,51,2023,,https://open.spotify.com/track/5hzrmJKIS2CHmvlUWkdlYy,2023,2213300.0,"['boston hip hop', 'hip hop', 'pop rap', 'rap']",1.0,69.0,162.055,0.789,4.0,1.0,4.0,0.26,0.798,0.709,0.0367,0.388,0.0,-5.114
3p7XQpdt8Dr6oMXSvRZ9bg,Eyes Closed,Ed Sheeran,6eUKZXaKkcviH0Ku9w2n3V,- (Deluxe),194848,75,2023,soft pop,https://open.spotify.com/track/3p7XQpdt8Dr6oMXSvRZ9bg,2023,113759927.0,"['pop', 'singer-songwriter pop', 'uk pop']",18.0,84.0,107.014,0.52,11.0,0.0,4.0,0.0696,0.793,0.309,0.246,0.0878,0.0,-7.457
7iXLa8DhoOyxB6UQ1iEt5h,MIND YOUR BUSINESS - David Guetta Remix,"will.i.am, David Guetta, Britney Spears",085pc2PYOi8bGKj0PNjekA,MIND YOUR BUSINESS (David Guetta Remix),118323,37,2023,,https://open.spotify.com/track/7iXLa8DhoOyxB6UQ1iEt5h,2023,4093311.0,"['dance pop', 'pop']",1.0,70.0,130.034,0.733,8.0,1.0,4.0,0.0487,0.811,0.475,0.00207,0.0966,0.457,-4.831
04x6DpeFQ72efXsD0DmWPQ,明明就,Jay Chou,2elBjNSdBE2Y3f0j1mjrql,十二新作,260386,2,2023,mandopop; c-pop; taiwanese pop; gufeng; malay pop; cantopop; chinese r&b,https://open.spotify.com/track/04x6DpeFQ72efXsD0DmWPQ,2012,5517394.0,"['c-pop', 'mandopop', 'taiwan pop', 'zhongguo feng']",12.0,69.0,112.985,0.428,9.0,1.0,4.0,0.0262,0.543,0.173,0.14,0.0876,0.0,-8.966
0b1IRPEXMukKXa4FdpbiGJ,另一個童話,G.E.M.,7aRC4L63dBn3CiLDuWaLSI,另一個童話,183426,42,2023,mandopop; c-pop; cantopop; taiwanese pop; gufeng; malay pop,https://open.spotify.com/track/0b1IRPEXMukKXa4FdpbiGJ,2018,2694281.0,['mandopop'],3.0,60.0,110.009,0.624,7.0,1.0,4.0,0.0268,0.692,0.184,0.133,0.092,0.0,-5.732
2LviX2K6A98fRLLi1KLuo2,With Me,"Keenan Te, Anthony de la Torre",6Ge3YISmUWPCUcSVx8VGor,With Me,152275,29,2023,,https://open.spotify.com/track/2LviX2K6A98fRLLi1KLuo2,2023,256354.0,['gen z singer-songwriter'],2.0,56.0,144.841,0.342,11.0,1.0,4.0,0.049,0.643,0.337,0.461,0.189,0.0,-11.855
1mFpMoeZfkIqtqW2AfQ8ba,THE GIRLS - BLACKPINK THE GAME OST,BLACKPINK,41MozSoPIsD1dJM0CLPjZF,THE GIRLS (BLACKPINK THE GAME OST),162000,64,2023,k-pop,https://open.spotify.com/track/1mFpMoeZfkIqtqW2AfQ8ba,2023,48579370.0,"['k-pop', 'k-pop girl group', 'pop']",1.0,78.0,160.07,0.738,2.0,1.0,4.0,0.0577,0.715,0.36,0.00199,0.208,0.0,-4.42
5KBARWIxeMGkvUax9VtVC9,My Type,Saweetie,6cK3NBO6uP7hh0oyuVELFl,ICY,126446,73,2023,,https://open.spotify.com/track/5KBARWIxeMGkvUax9VtVC9,2019,2168249.0,"['cali rap', 'trap queen']",7.0,67.0,105.038,0.811,2.0,1.0,4.0,0.258,0.899,0.587,0.000677,0.0672,0.0,-6.294
4s9diT9GXpI7QiysMkoANG,Easy,Stray Kids,2dIgFjalVxs4ThymZ67YCE,GO LIVE,183134,63,2023,k-pop; noise music,https://open.spotify.com/track/4s9diT9GXpI7QiysMkoANG,2020,15173090.0,"['k-pop', 'k-pop boy group', 'pop']",14.0,79.0,144.1,0.812,6.0,0.0,4.0,0.0602,0.701,0.388,0.000219,0.471,1.03e-05,-5.175
2j1Es5qEl4pD8GEe2WsYgP,Darl+ing,SEVENTEEN,7nqOGRxlXj7N2JYbgNEjYH,Face the Sun,176560,64,2023,k-pop,https://open.spotify.com/track/2j1Es5qEl4pD8GEe2WsYgP,2022,11246705.0,"['k-pop', 'k-pop boy group']",9.0,76.0,95.384,0.695,0.0,1.0,4.0,0.0812,0.519,0.515,0.299,0.43,0.0,-4.861
1lOe9qE0vR9zwWQAOk6CoO,Ransom,Lil Tecca,4Ga1P7PMIsmqEZqhYZQgDo,We Love You Tecca,131240,84,2023,melodic rap; rap,https://open.spotify.com/track/1lOe9qE0vR9zwWQAOk6CoO,2019,7208018.0,"['melodic rap', 'pluggnb', 'rap']",18.0,77.0,179.974,0.642,7.0,0.0,4.0,0.287,0.745,0.226,0.0204,0.0658,0.0,-6.257
02MWAaffLxlfxAUY7c5dvx,Heat Waves,Glass Animals,4yvcSjfu4PC0CYQyLy4wSq,Dreamland (+ Bonus Levels),238805,12,2023,,https://open.spotify.com/track/02MWAaffLxlfxAUY7c5dvx,2020,4085432.0,"['gauze pop', 'indietronica', 'modern rock', 'pov: indie', 'shiver pop']",18.0,72.0,80.87,0.525,11.0,1.0,4.0,0.0944,0.761,0.531,0.44,0.0921,6.7e-06,-6.9
3UK3ZCRxqV3FOEMnGxeFZa,Middle Ground (feat. Mickey Guyton),"Maroon 5, Mickey Guyton",04gDigrS5kc9YWfZHwBETP,Middle Ground,219853,43,2023,pop,https://open.spotify.com/track/3UK3ZCRxqV3FOEMnGxeFZa,2023,41278452.0,['pop'],2.0,82.0,103.854,0.507,2.0,1.0,4.0,0.0319,0.35,0.229,0.538,0.0639,0.0,-5.244
60PL1vtOCFBXwwZeQlVHN9,毒药,周星星,21G0EtHm49HAvOa0Au4PMp,毒药,215535,4,2023,chinese r&b; mandopop; c-pop,https://open.spotify.com/track/60PL1vtOCFBXwwZeQlVHN9,2023,4783.0,['chinese viral pop'],2.0,41.0,127.907,0.504,4.0,1.0,4.0,0.0392,0.62,0.232,0.139,0.105,7.99e-05,-7.996
7d1CFwrBmH34gmS0Hkbfbt,Replay,Zendaya,6sCbFbEjbYepqswM1vWjjs,Zendaya,209186,72,2023,,https://open.spotify.com/track/7d1CFwrBmH34gmS0Hkbfbt,2013,4602779.0,"['pop', 'post-teen pop']",11.0,65.0,140.023,0.723,6.0,0.0,4.0,0.121,0.688,0.618,0.0416,0.302,0.0002,-6.682
3ZkUWF1MVm3tLgz7dplGpk,The Way I Are (Dance with Somebody) [feat. Lil Wayne],"Bebe Rexha, Lil Wayne",64M6ah0SkkRsnPGtGiRAbb,All Your Fault: Pt. 2,187787,57,2023,,https://open.spotify.com/track/3ZkUWF1MVm3tLgz7dplGpk,2017,9009684.0,"['dance pop', 'pop']",6.0,76.0,186.169,0.659,2.0,1.0,4.0,0.115,0.466,0.36,0.00282,0.273,0.0,-6.077
62McdrVJELUVywVeDk59r0,Dancer,Flo Rida,0jnsk9HBra6NMjO2oANoPY,Dancer,182131,49,2023,,https://open.spotify.com/track/62McdrVJELUVywVeDk59r0,2018,8437254.0,"['dance pop', 'miami hip hop', 'pop', 'pop rap']",1.0,76.0,190.037,0.727,6.0,1.0,4.0,0.125,0.641,0.636,0.0073,0.071,0.00192,-4.401
4zHbzMPCg3tovIILIa7dsB,Summer Air,ItaloBrothers,5nkYRuiIHg2xXHFC8bfosJ,Summer Air,183587,0,2023,italo dance,https://open.spotify.com/track/4zHbzMPCg3tovIILIa7dsB,2017,384038.0,"['hands up', 'italo dance']",1.0,58.0,102.002,0.751,8.0,1.0,4.0,0.0748,0.755,0.491,0.0635,0.0812,0.0,-4.034
77lGafvlU68CeHgB2pkHC9,At My Best (feat. Hailee Steinfeld),"mgk, Hailee Steinfeld",6TIYQ3jFPwQSRmorSezPxX,bloom,199973,58,2023,,https://open.spotify.com/track/77lGafvlU68CeHgB2pkHC9,2017,5215640.0,"['ohio hip hop', 'pop rap']",13.0,75.0,169.855,0.772,7.0,0.0,4.0,0.152,0.524,0.237,0.00273,0.224,0.000169,-6.696
1SYqEFrLotYNBTJbNXKEa5,Pull-Up,Jason Derulo,07YZf4WDAMNwqr4jfgOZ8y,Everything Is 4,186973,46,2023,,https://open.spotify.com/track/1SYqEFrLotYNBTJbNXKEa5,2015,11922459.0,"['dance pop', 'pop']",11.0,75.0,191.955,0.759,1.0,1.0,4.0,0.155,0.643,0.46,0.00258,0.0611,2.63e-06,-4.693
7xq3uN2toVZ8IbNzfTucyJ,Calm Down,G-Eazy,02kJSzxNuaWGqwubyUba0Z,When It's Dark Out,127433,57,2023,,https://open.spotify.com/track/7xq3uN2toVZ8IbNzfTucyJ,2015,5256061.0,"['indie pop rap', 'oakland hip hop', 'pop rap', 'rap']",17.0,75.0,102.346,0.624,11.0,1.0,4.0,0.325,0.538,0.409,0.000175,0.117,2.2e-06,-8.794
4bAzLbJOkwkZEakSiKd3sZ,Low,"71 Digits, Flo Rida",7rYojRyXBLPrX6UWfnAkaC,Low,135483,59,2023,slap house,https://open.spotify.com/track/4bAzLbJOkwkZEakSiKd3sZ,2022,10876.0,['hypertechno'],1.0,53.0,124.017,0.83,10.0,0.0,4.0,0.305,0.691,0.488,0.121,0.152,1.01e-05,-6.302
7BF7v2fsQSvaApeJ7qNxUu,We Young - Chinese Version,"CHANYEOL, SEHUN",6jV25rzTKQ2zMgrqHha1V5,We Young,181161,24,2023,k-pop,https://open.spotify.com/track/7BF7v2fsQSvaApeJ7qNxUu,2018,1823904.0,['k-pop'],3.0,54.0,82.044,0.681,10.0,1.0,4.0,0.0604,0.699,0.676,0.0521,0.0546,0.0,-5.543
3syxwxJqX5jpgjNYmvzdW6,CAKE,ITZY,2KC9Qb60EaY0kW4eH68vr3,KILL MY DOUBT,198887,61,2023,k-pop,https://open.spotify.com/track/3syxwxJqX5jpgjNYmvzdW6,2023,7139826.0,"['k-pop', 'k-pop girl group']",6.0,69.0,103.07,0.758,7.0,1.0,4.0,0.0445,0.801,0.576,0.0663,0.0431,4.1e-06,-4.31
52d5NT69mkmr6WzvQJ9vHr,21st Century Girl,BTS,3Nrfpe0tUJi4K4DXYWgMUX,Wings,192596,68,2023,k-pop,https://open.spotify.com/track/52d5NT69mkmr6WzvQJ9vHr,2016,72592415.0,"['k-pop', 'k-pop boy group', 'pop']",15.0,83.0,101.029,0.906,2.0,1.0,4.0,0.0719,0.716,0.763,0.00424,0.0547,0.0,-3.539
3HCDcijVzbd59yvVn0nLPY,BUTTERFLY COUPE feat. Tyga,"Kalan.FrFr, Tyga",47TMF0JlFsz01KilGzc5Ly,BUTTERFLY COUPE feat. Tyga,164848,44,2023,,https://open.spotify.com/track/3HCDcijVzbd59yvVn0nLPY,2023,113561.0,"['cali rap', 'westcoast flow']",1.0,51.0,99.058,0.523,1.0,1.0,4.0,0.214,0.936,0.172,0.237,0.0978,0.0,-4.731
58q2HKrzhC3ozto2nDdN4z,I Like It,"Cardi B, Bad Bunny, J Balvin",4kYSro6naA4h99UJvo89HB,Invasion of Privacy,253390,83,2023,,https://open.spotify.com/track/58q2HKrzhC3ozto2nDdN4z,2018,23629430.0,"['pop', 'rap']",13.0,77.0,136.048,0.726,5.0,0.0,4.0,0.129,0.816,0.65,0.099,0.372,0.0,-3.998
3S1D7s5xsuitIti64XQHg7,Reverse,Sage The Gemini,6d47Z08T4snK50HgTEHo5Z,Morse Code,191855,43,2023,hyphy,https://open.spotify.com/track/3S1D7s5xsuitIti64XQHg7,2017,869253.0,"['hyphy', 'pop rap', 'southern hip hop', 'trap']",15.0,59.0,101.988,0.72,6.0,0.0,4.0,0.0929,0.808,0.541,0.00839,0.0863,0.0,-6.271
6MZi5j60L80SZLBxN0bv8s,WATATI (feat. Aldo Ranks) [From Barbie The Album],"KAROL G, Aldo Ranks",790FomKkXshlbRYZFtlgla,WATATI (feat. Aldo Ranks) [From Barbie The Album],166882,61,2023,reggaeton; latin; urbano latino,https://open.spotify.com/track/6MZi5j60L80SZLBxN0bv8s,2023,45747373.0,"['reggaeton', 'reggaeton colombiano', 'trap latino', 'urbano latino']",1.0,87.0,110.002,0.851,3.0,0.0,4.0,0.0979,0.893,0.959,0.145,0.319,6.49e-05,-5.342
00UumroVnu5ylnVwnQIp5V,Glad U Came - Acoustic Wedding Version,Jason Derulo,07YZf4WDAMNwqr4jfgOZ8y,Glad U Came (Acoustic Wedding Version),181855,24,2023,,https://open.spotify.com/track/00UumroVnu5ylnVwnQIp5V,2023,11922459.0,"['dance pop', 'pop']",1.0,75.0,85.553,0.456,2.0,1.0,3.0,0.0302,0.278,0.303,0.684,0.065,0.0,-6.609
6cV79YNnS2igJOK2NCyiWz,BUT U,NINEONE赵馨玥,0id1kre1ASgHByPQgivxUk,BUT U,225417,46,2023,chinese hip hop; chinese r&b; c-pop; mandopop,https://open.spotify.com/track/6cV79YNnS2igJOK2NCyiWz,2020,35232.0,['chinese hip hop'],1.0,34.0,92.119,0.722,1.0,1.0,4.0,0.0359,0.676,0.392,0.233,0.0869,0.0,-4.032
77MrX98hyOXLSs3dIfmOYk,Kids Are Born Stars,LAUV,5JZ7CnR6gTvEMKX4g70Amv,All 4 Nothing,187026,56,2023,,https://open.spotify.com/track/77MrX98hyOXLSs3dIfmOYk,2022,6145838.0,['pop'],13.0,72.0,109.966,0.547,8.0,1.0,4.0,0.0518,0.802,0.922,0.205,0.109,0.0,-7.034
6bLopGnirdrilrpdVB6Um1,The Greatest,Sia,5WUlDfRSoLAfcVSX1WnrxN,This Is Acting (Deluxe Version),210906,80,2023,,https://open.spotify.com/track/6bLopGnirdrilrpdVB6Um1,2016,27693018.0,"['australian dance', 'australian pop', 'pop']",19.0,81.0,191.95,0.785,10.0,0.0,4.0,0.174,0.639,0.686,0.0174,0.0512,0.00107,-6.167
4rUTAkOU7OkVGeQuyQCHhF,Sledgehammer,Fifth Harmony,1l8Fu6IkuTP0U5QetQJ5Xt,Reflection (Deluxe),230909,65,2023,,https://open.spotify.com/track/4rUTAkOU7OkVGeQuyQCHhF,2015,16033138.0,"['girl group', 'pop', 'talent show']",14.0,66.0,99.98,0.777,2.0,1.0,4.0,0.046,0.671,0.289,0.0057,0.0783,0.0011,-4.322
5sLEmcvR8qwxE0nh0fqGr1,Drink Water (feat. Jon Bellion and Fireboy DML),"Jon Batiste, Jon Bellion, Fireboy DML",0eRbECAGCLLiTyVXPBRexU,Drink Water,169708,41,2023,,https://open.spotify.com/track/5sLEmcvR8qwxE0nh0fqGr1,2023,465070.0,['new orleans jazz'],1.0,56.0,104.823,0.592,8.0,1.0,4.0,0.0726,0.688,0.455,0.249,0.0798,0.0,-4.974
7x9aauaA9cu6tyfpHnqDLo,Seven (feat. Latto),"Jung Kook, Latto",6HaGTQPmzraVmaVxvz6EUc,Seven (feat. Latto),184400,78,2023,k-pop,https://open.spotify.com/track/7x9aauaA9cu6tyfpHnqDLo,2023,14032903.0,['k-pop'],3.0,83.0,124.997,0.832,11.0,1.0,4.0,0.0434,0.802,0.89,0.311,0.0815,0.0,-4.107
40jpNp3gXTVn2HbLlTdFFR,care less,LANY,49tQo2QULno7gxHutgccqF,gg bb xx,198595,59,2023,,https://open.spotify.com/track/40jpNp3gXTVn2HbLlTdFFR,2021,5725525.0,"['la pop', 'opm']",12.0,71.0,121.987,0.712,9.0,0.0,4.0,0.0308,0.587,0.496,0.0483,0.0941,3.02e-06,-6.628
18RxrDMEkUoh11aOusLeFV,Benz Booty,"高爾宣 OSN, SOWUT",4TcOznbEZBqev21LzAH4KE,#osnrap,154368,41,2023,chinese r&b; chinese hip hop; mandopop; taiwanese pop; c-pop,https://open.spotify.com/track/18RxrDMEkUoh11aOusLeFV,2019,386866.0,"['mandopop', 'taiwan pop']",10.0,54.0,103.009,0.842,9.0,1.0,4.0,0.0655,0.793,0.518,0.0714,0.141,0.0,-3.935
753DZsGGXlasRCp48FmOhH,Bellz,TroyBoi,0tvpihdAsKiNnP6sWS3jUI,"V!BEZ, Vol. 4",160000,53,2023,edm trap,https://open.spotify.com/track/753DZsGGXlasRCp48FmOhH,2021,401387.0,['electronic trap'],7.0,54.0,132.019,0.732,7.0,0.0,4.0,0.068,0.817,0.963,0.0254,0.811,0.806,-7.23
2UIRHeHi72VP5WBMAfkPe5,Hello Friday (feat. Jason Derulo),"Flo Rida, Jason Derulo",0jnsk9HBra6NMjO2oANoPY,Hello Friday (feat. Jason Derulo),201237,45,2023,,https://open.spotify.com/track/2UIRHeHi72VP5WBMAfkPe5,2016,8437254.0,"['dance pop', 'miami hip hop', 'pop', 'pop rap']",1.0,76.0,99.98,0.881,9.0,0.0,4.0,0.113,0.768,0.502,0.0188,0.298,3.65e-06,-4.392
6ILsOdeN5cv3M0tp0ootWF,Painkiller (feat. Meghan Trainor),"Jason Derulo, Meghan Trainor",07YZf4WDAMNwqr4jfgOZ8y,Everything Is 4,203600,44,2023,,https://open.spotify.com/track/6ILsOdeN5cv3M0tp0ootWF,2015,11922459.0,"['dance pop', 'pop']",11.0,75.0,128.041,0.703,4.0,0.0,4.0,0.0359,0.739,0.561,0.0123,0.53,0.0,-5.897
4r0kug4vaNx3d8qyDLhQes,Spinnin,"Connor Price, Bens",5zixe6AbgXPqt4c1uSl94L,Spin The Globe,110938,67,2023,,https://open.spotify.com/track/4r0kug4vaNx3d8qyDLhQes,2023,1293601.0,['singer-songwriter pop'],8.0,71.0,140.013,0.572,11.0,0.0,4.0,0.128,0.765,0.475,0.226,0.192,0.0,-6.153
5GZp8q9eZ9qn0TSwAayT1o,Buddy,"Connor Price, Hoodie Allen",5zixe6AbgXPqt4c1uSl94L,Buddy,117939,59,2023,,https://open.spotify.com/track/5GZp8q9eZ9qn0TSwAayT1o,2022,1293601.0,['singer-songwriter pop'],1.0,71.0,140.015,0.506,6.0,0.0,4.0,0.223,0.914,0.428,0.204,0.103,0.0,-5.373
3uxPJckvg3g5B686iNgqXU,overthinking about you,Keenan Te,6Ge3YISmUWPCUcSVx8VGor,overthinking about you,196296,51,2023,,https://open.spotify.com/track/3uxPJckvg3g5B686iNgqXU,2023,256354.0,['gen z singer-songwriter'],2.0,56.0,80.76,0.465,11.0,1.0,4.0,0.147,0.51,0.31,0.594,0.138,0.0,-6.512
7MOWiF77FrR3DF6kphkER3,Start Up,"Jonathan & Friends, Loote, emma løv",7iGyHL0MMwmyScIHOuW7Lo,Start Up,178858,36,2023,,https://open.spotify.com/track/7MOWiF77FrR3DF6kphkER3,2022,4225.0,[],1.0,26.0,162.027,0.642,3.0,1.0,4.0,0.113,0.583,0.771,0.618,0.119,2.48e-06,-9.843
3nEyykdHBY7nBShmE787Kd,ONE OF A KIND,Bazanji,3L8FZaw2Rg1oUw3vB4gUME,ONE OF A KIND,102857,29,2023,,https://open.spotify.com/track/3nEyykdHBY7nBShmE787Kd,2023,262556.0,"['deep underground hip hop', 'indie pop rap']",1.0,52.0,154.055,0.597,1.0,1.0,4.0,0.232,0.753,0.231,0.000155,0.169,0.0,-7.969
7LQvpgaadSh74HzYAjOisA,FNF,Stray Kids,2dIgFjalVxs4ThymZ67YCE,5-STAR,171680,61,2023,k-pop; noise music,https://open.spotify.com/track/7LQvpgaadSh74HzYAjOisA,2023,15173090.0,"['k-pop', 'k-pop boy group', 'pop']",12.0,79.0,127.02,0.808,4.0,0.0,4.0,0.0472,0.734,0.387,0.0231,0.279,0.0,-3.134
2YIIpDEKJv6OUc7u9tVT7I,Cut U Off,"Joyner Lucas, YoungBoy Never Broke Again",6C1ohJrd5VydigQtaGy5Wa,Cut U Off,204387,49,2023,,https://open.spotify.com/track/2YIIpDEKJv6OUc7u9tVT7I,2023,2213300.0,"['boston hip hop', 'hip hop', 'pop rap', 'rap']",1.0,69.0,77.556,0.609,6.0,0.0,4.0,0.159,0.783,0.612,0.0576,0.166,8.54e-06,-7.222
3jgTthrOsgFR1477mor7Ex,Be So Cruel,ASTN,7zkwepHPyac6tCYl0fL0co,Be So Cruel,132691,35,2023,,https://open.spotify.com/track/3jgTthrOsgFR1477mor7Ex,2022,305388.0,['bedroom soul'],1.0,52.0,92.501,0.414,5.0,0.0,4.0,0.0617,0.859,0.645,0.227,0.135,0.00102,-5.538
6R5fYCySNHrqo4Og6O1ppn,"Steal The Show - From ""Elemental""",LAUV,5JZ7CnR6gTvEMKX4g70Amv,"Steal The Show (From ""Elemental"")",191779,51,2023,,https://open.spotify.com/track/6R5fYCySNHrqo4Og6O1ppn,2023,6145838.0,['pop'],1.0,72.0,92.522,0.64,7.0,1.0,4.0,0.0305,0.62,0.409,0.341,0.14,0.00125,-7.308
7mpdNiaQvygj2rHoxkzMfa,Bite Me,ENHYPEN,5t5FqBwTcgKTaWmfEbwQY9,DARK BLOOD,157531,80,2023,k-pop,https://open.spotify.com/track/7mpdNiaQvygj2rHoxkzMfa,2023,8499927.0,"['anime', 'k-pop boy group']",6.0,75.0,104.972,0.781,1.0,1.0,4.0,0.141,0.795,0.687,0.285,0.108,0.0,-4.647
2BPLFluGLtHPN9EF6oK5w8,Hits Different,Taylor Swift,06HL4z0CvFAxyc27GXpf02,Midnights (The Til Dawn Edition),234466,49,2023,,https://open.spotify.com/track/2BPLFluGLtHPN9EF6oK5w8,2023,108717184.0,['pop'],23.0,100.0,106.027,0.774,5.0,1.0,4.0,0.0448,0.679,0.262,0.117,0.249,2.34e-06,-6.231
5evE7bweEhX83fd1ZmwPjP,摯友,Eric Chou,5fEQLwq1BWWQNR8GzhOIvi,摯友,313313,66,2023,mandopop; c-pop; taiwanese pop; chinese r&b; malay pop,https://open.spotify.com/track/5evE7bweEhX83fd1ZmwPjP,2023,1436924.0,['mandopop'],1.0,60.0,135.979,0.377,10.0,1.0,4.0,0.0298,0.354,0.386,0.704,0.115,2.37e-06,-6.71
5Lf9rCqReE9Ri4tZvLRLuy,Happily,One Direction,4AK6F7OLvEQ5QYCBNiQWHq,Midnight Memories (Deluxe),175474,65,2023,,https://open.spotify.com/track/5Lf9rCqReE9Ri4tZvLRLuy,2013,34723758.0,"['boy band', 'pop', 'post-teen pop', 'talent show']",18.0,80.0,117.0,0.89,9.0,1.0,4.0,0.0394,0.623,0.824,0.0426,0.153,0.0,-4.783
7DwVS1naLT9jP0PE78jg4P,AM:PM,"NOTD, Maia Wright",5jAMCwdNHWr7JThxtMuEyy,AM:PM,182950,57,2023,,https://open.spotify.com/track/7DwVS1naLT9jP0PE78jg4P,2023,303566.0,"['pop dance', 'pop edm']",1.0,58.0,122.007,0.62,4.0,1.0,4.0,0.107,0.808,0.826,0.0403,0.107,1.2e-06,-4.86
5K6VtWfjGkk1ahcVmPKbL9,Good Not Great,JORDY,0p9SPN0Vhv6aDRZCz4W13E,BOY,132726,52,2023,,https://open.spotify.com/track/5K6VtWfjGkk1ahcVmPKbL9,2023,162171.0,"['alt z', 'gen z singer-songwriter', 'singer-songwriter pop']",12.0,49.0,105.921,0.602,9.0,1.0,4.0,0.0625,0.773,0.705,0.454,0.593,8.17e-06,-6.884
6sRYb5ag4AnjFtOQXsJ5gs,RUNAWAY,KAYDEN,5Dq2DMerDcvcdlzPTmo6Jn,SAY,151058,40,2023,,https://open.spotify.com/track/6sRYb5ag4AnjFtOQXsJ5gs,2022,85915.0,['singer-songwriter pop'],7.0,38.0,84.952,0.615,10.0,1.0,4.0,0.0379,0.697,0.283,0.343,0.102,0.0,-6.024
0M55V4n7l0ULeYP64IcjX7,Fly Up (Feat. Door) - Concert Version,"Hwang Chang young, Door",77i53Qlp3vNOh4Rab2wr56,LOOKISM (Original Soundtrack from the Netflix Series),228464,51,2023,,https://open.spotify.com/track/0M55V4n7l0ULeYP64IcjX7,2022,5024.0,[],20.0,33.0,93.004,0.652,9.0,0.0,4.0,0.0343,0.637,0.426,0.0802,0.157,0.0,-9.493
3dbLT62Cvs46Ju7a8gpr36,Savage,aespa,6YVMFz59CuY7ngCxTxjpxE,Savage - The 1st Mini Album,238143,67,2023,k-pop,https://open.spotify.com/track/3dbLT62Cvs46Ju7a8gpr36,2021,5134246.0,['k-pop girl group'],6.0,71.0,146.959,0.879,9.0,1.0,4.0,0.129,0.727,0.671,0.124,0.244,1.17e-05,-1.167
5joNJn9LUvYcamWwa2iYCL,Nonstop,OH MY GIRL,2019zR22qK2RBvCqtudBaI,NONSTOP,202760,0,2023,k-pop,https://open.spotify.com/track/5joNJn9LUvYcamWwa2iYCL,2020,1799198.0,"['k-pop', 'k-pop girl group']",5.0,50.0,123.983,0.91,0.0,1.0,4.0,0.0517,0.753,0.825,0.171,0.367,0.0,-2.591
2bnJ8IxZnVc2YmUaX0sZap,JIKJIN,TREASURE,3KonOYiLsU53m4yT7gNotP,THE SECOND STEP : CHAPTER ONE,184117,63,2023,k-pop,https://open.spotify.com/track/2bnJ8IxZnVc2YmUaX0sZap,2022,3320007.0,['k-pop boy group'],4.0,62.0,130.077,0.55,0.0,1.0,4.0,0.0434,0.819,0.573,0.0367,0.0945,0.0,-6.57
7nORGrTd2dDP38JC0YfZ4W,Let It Be Me,"Steve Aoki, Backstreet Boys",77AiFEVeAVj2ORpC85QVJs,Neon Future IV,224060,0,2023,electro house; edm,https://open.spotify.com/track/7nORGrTd2dDP38JC0YfZ4W,2020,3717916.0,"['edm', 'electro house', 'pop dance']",27.0,68.0,114.098,0.758,7.0,1.0,4.0,0.0864,0.661,0.387,0.0797,0.106,0.0,-5.299
0lQJBl9YEsoMtE8D4yTE9g,From the Ground Up,Dan + Shay,7z5WFjZAIYejWy0NI5lv4T,Obsessed,253933,67,2023,country,https://open.spotify.com/track/0lQJBl9YEsoMtE8D4yTE9g,2016,3135732.0,"['contemporary country', 'country', 'country road']",10.0,67.0,151.568,0.58,9.0,1.0,3.0,0.0323,0.281,0.282,0.333,0.122,0.0,-5.967
7uYqkgn2asHzskMeR2QMIG,晚楓歌 - 電視劇《烈火如歌》戰楓情感主題曲,KANNA BUSH,7qgcLOtckgSDjEqaUSQ5qa,晚楓歌-電視劇《烈火如歌》戰楓情感主題曲,237306,30,2023,chinese hip hop; chinese r&b; gufeng; c-pop; mandopop,https://open.spotify.com/track/7uYqkgn2asHzskMeR2QMIG,2018,4520.0,['chinese r&b'],1.0,29.0,131.922,0.544,11.0,1.0,4.0,0.0286,0.419,0.384,0.214,0.124,0.0,-7.177
1MiDuGkUQR6gC2nZPGas0c,sometimes,"Ni/Co's Covers, Ni/Co",14nRu7BBWmBVENgfwi1YjY,sometimes,172500,47,2023,,https://open.spotify.com/track/1MiDuGkUQR6gC2nZPGas0c,2021,8481.0,[],1.0,33.0,114.887,0.26,10.0,1.0,5.0,0.0361,0.427,0.626,0.822,0.154,0.0,-10.846
2pHTtI2tvEjGJvwJyDyCpy,Other Side,"ILLENIUM, Said The Sky, Vera Blue",45eNHdiiabvmbp4erw26rg,ILLENIUM,211592,51,2023,melodic bass; future bass; edm,https://open.spotify.com/track/2pHTtI2tvEjGJvwJyDyCpy,2023,1492758.0,"['edm', 'melodic dubstep', 'pop dance']",16.0,68.0,81.929,0.753,1.0,0.0,4.0,0.082,0.537,0.331,0.512,0.3,0.000244,-3.351
5DRCpucqPCH1ThgR7N0OVy,Chrome Hearted (feat. Tyga),"OHGEESY, Tyga",3ppQEG71r7jVpI8RudzycF,Chrome Hearted (feat. Tyga),153600,28,2023,,https://open.spotify.com/track/5DRCpucqPCH1ThgR7N0OVy,2023,323693.0,['cali rap'],1.0,62.0,99.982,0.291,0.0,0.0,4.0,0.234,0.853,0.195,0.0635,0.132,0.0595,-10.683
3AOf6YEpxQ894FmrwI9k96,Super,SEVENTEEN,7nqOGRxlXj7N2JYbgNEjYH,FML,200386,71,2023,k-pop,https://open.spotify.com/track/3AOf6YEpxQ894FmrwI9k96,2023,11246705.0,"['k-pop', 'k-pop boy group']",6.0,76.0,137.018,0.88,8.0,1.0,4.0,0.0857,0.771,0.347,0.162,0.167,1.41e-06,-4.091
2ZlCGeK30BLRNSPC832pNZ,Forever (feat. Post Malone & Clever),"Justin Bieber, Post Malone, Clever",1uNFoZAHBGtllmzznpCI3s,Changes,219933,66,2023,,https://open.spotify.com/track/2ZlCGeK30BLRNSPC832pNZ,2020,74608422.0,"['canadian pop', 'pop']",17.0,86.0,139.98,0.483,8.0,0.0,4.0,0.08,0.825,0.892,0.538,0.204,1.48e-05,-5.746
3esIZXAmovPNvRm9302567,Eternals,"TroyBoi, Stooki Sound",0tvpihdAsKiNnP6sWS3jUI,Say Less,185142,25,2023,edm trap,https://open.spotify.com/track/3esIZXAmovPNvRm9302567,2023,401387.0,['electronic trap'],4.0,54.0,140.022,0.431,2.0,0.0,4.0,0.0307,0.634,0.185,0.00447,0.0979,0.894,-7.862
1DuFU3yhIFi8kYwI3BlmnA,孤獨娛樂,JJ Lin,7Dx7RhX0mFuXhCOUgB01uM,重拾_快樂,239865,42,2023,mandopop; c-pop; taiwanese pop; malay pop,https://open.spotify.com/track/1DuFU3yhIFi8kYwI3BlmnA,2023,2973664.0,"['mandopop', 'singaporean mandopop', 'singaporean pop']",12.0,62.0,119.599,0.417,10.0,1.0,4.0,0.0304,0.437,0.312,0.884,0.106,3.35e-06,-6.54
31RIphTQ9y4zStkH5xRWgW,一路向北,Jay Chou,2elBjNSdBE2Y3f0j1mjrql,11月的蕭邦,294240,2,2023,mandopop; c-pop; taiwanese pop; gufeng; malay pop; cantopop; chinese r&b,https://open.spotify.com/track/31RIphTQ9y4zStkH5xRWgW,2005,5517394.0,"['c-pop', 'mandopop', 'taiwan pop', 'zhongguo feng']",12.0,69.0,133.917,0.617,5.0,1.0,4.0,0.0273,0.456,0.3,0.0133,0.116,5.95e-05,-6.252
6nACZEZIt1CIBmF09r5Pb5,Remember This,Jonas Brothers,7gOdHgIoIKoe4i9Tta6qdD,Remember This,178221,55,2023,,https://open.spotify.com/track/6nACZEZIt1CIBmF09r5Pb5,2021,7511588.0,"['boy band', 'pop']",1.0,73.0,110.865,0.629,1.0,0.0,4.0,0.0803,0.669,0.294,0.217,0.366,0.0,-5.018
6xsEAm6w9oMQYYg3jkEkMT,Bad Blood,"Taylor Swift, Kendrick Lamar",06HL4z0CvFAxyc27GXpf02,Bad Blood,200106,69,2023,,https://open.spotify.com/track/6xsEAm6w9oMQYYg3jkEkMT,2015,108717184.0,['pop'],1.0,100.0,170.16,0.655,11.0,0.0,4.0,0.106,0.654,0.221,0.0294,0.139,0.0,-7.388
0tsQVVq4TVZzcHWU6T634g,Love Me Like I Am (R3HAB Remix),"for KING & COUNTRY, Jordin Sparks, R3HAB",3sDbKMebVH2VYcRSl7u1VC,Love Me Like I Am (R3HAB Remix),169921,41,2023,christian; ccm; christian pop; worship,https://open.spotify.com/track/0tsQVVq4TVZzcHWU6T634g,2023,1234556.0,"['ccm', 'christian alternative rock', 'christian indie', 'christian music', 'world worship']",1.0,61.0,106.051,0.761,4.0,1.0,4.0,0.0548,0.6,0.413,0.161,0.131,0.000339,-6.418
6kex4EBAj0WHXDKZMEJaaF,Swalla (feat. Nicki Minaj & Ty Dolla $ign),"Jason Derulo, Nicki Minaj, Ty Dolla $ign",07YZf4WDAMNwqr4jfgOZ8y,Swalla (feat. Nicki Minaj & Ty Dolla $ign),216408,73,2023,,https://open.spotify.com/track/6kex4EBAj0WHXDKZMEJaaF,2017,11922459.0,"['dance pop', 'pop']",1.0,75.0,98.064,0.817,1.0,1.0,4.0,0.109,0.696,0.782,0.075,0.187,0.0,-3.862
4tERsdVCLtLtrGdFBf9DGC,New,Daya,6Dd3NScHWwnW6obMFbl1BH,New,230879,64,2023,,https://open.spotify.com/track/4tERsdVCLtLtrGdFBf9DGC,2017,1578888.0,"['alt z', 'pop']",1.0,67.0,106.971,0.742,0.0,1.0,4.0,0.0347,0.715,0.322,0.052,0.364,2.47e-05,-4.331
2z4pcBLQXF2BXKFvd0BuB6,Tip Toe (feat. French Montana),"Jason Derulo, French Montana",07YZf4WDAMNwqr4jfgOZ8y,Tip Toe (feat. French Montana),187521,61,2023,,https://open.spotify.com/track/2z4pcBLQXF2BXKFvd0BuB6,2017,11922459.0,"['dance pop', 'pop']",1.0,75.0,98.062,0.709,10.0,0.0,4.0,0.0714,0.845,0.62,0.0233,0.094,0.0,-4.547
7D51nXZIGAFnYWME95dQpd,Bang It To The Curb,"Far East Movement, Sidney Samson",698hF4vcwHwPy8ltmXermq,Bang It To The Curb,186000,47,2023,,https://open.spotify.com/track/7D51nXZIGAFnYWME95dQpd,2012,1072809.0,"['asian american hip hop', 'dance pop', 'pop rap']",1.0,62.0,99.876,0.84,7.0,1.0,4.0,0.255,0.811,0.517,0.000492,0.0647,0.00381,-5.792
0dzKKW6FzIT7C38BdQBbgw,One More Weekend,"Audien, MAX",4xnMDfgEmXZEEDdITKcGuE,One More Weekend,200586,46,2023,edm; progressive house,https://open.spotify.com/track/0dzKKW6FzIT7C38BdQBbgw,2017,188038.0,"['edm', 'electro house', 'pop dance', 'pop edm', 'progressive electro house', 'progressive house']",1.0,52.0,110.005,0.899,2.0,1.0,4.0,0.0411,0.667,0.389,0.387,0.0712,0.0,-2.144
3wuR0YSNdT9rgWfFi1lctv,Million Ways,HRVY,28y6CyJNkGNjJQKrlx4AmN,Million Ways,169887,56,2023,,https://open.spotify.com/track/3wuR0YSNdT9rgWfFi1lctv,2019,1683431.0,['pop'],1.0,55.0,106.03,0.803,6.0,1.0,4.0,0.034,0.645,0.471,0.0312,0.13,0.0,-4.819
6MKlTmHJlvVXDf7bmokihZ,Big Numbers,Sage The Gemini,6d47Z08T4snK50HgTEHo5Z,Big Numbers,145600,37,2023,hyphy,https://open.spotify.com/track/6MKlTmHJlvVXDf7bmokihZ,2019,869253.0,"['hyphy', 'pop rap', 'southern hip hop', 'trap']",1.0,59.0,150.027,0.915,11.0,1.0,4.0,0.181,0.797,0.519,0.0192,0.407,1.68e-05,-3.427
2bocAPQcUTLUXx8lAOTiK3,Team,Iggy Azalea,5yG7ZAZafVaAlMTeBybKAL,Team,209466,61,2023,,https://open.spotify.com/track/2bocAPQcUTLUXx8lAOTiK3,2016,6485111.0,"['australian hip hop', 'dance pop', 'pop']",1.0,65.0,100.023,0.692,4.0,1.0,4.0,0.0673,0.891,0.218,0.0545,0.608,0.0,-4.989
2gZy1KFFKUgw3IbRNhZEz3,Game Time (feat. Sage the Gemini),"Flo Rida, Sage The Gemini",0jnsk9HBra6NMjO2oANoPY,Game Time (feat. Sage The Gemini),193288,52,2023,,https://open.spotify.com/track/2gZy1KFFKUgw3IbRNhZEz3,2017,8437254.0,"['dance pop', 'miami hip hop', 'pop', 'pop rap']",1.0,76.0,91.99,0.814,7.0,1.0,4.0,0.0488,0.72,0.503,0.0208,0.058,0.00298,-4.533
1Ser4X0TKttOvo8bgdytTP,Come Get Her,Rae Sremmurd,7iZtZyCzp3LItcw1wtPI3D,SremmLife,212946,78,2023,,https://open.spotify.com/track/1Ser4X0TKttOvo8bgdytTP,2015,7355384.0,"['melodic rap', 'mississippi hip hop', 'pop rap', 'rap', 'trap']",11.0,67.0,185.023,0.564,2.0,1.0,4.0,0.136,0.689,0.123,0.187,0.0721,0.0,-6.226
2pn8dNVSpYnAtlKFC8Q0DJ,On The Ground,ROSÉ,3eVa5w3URK5duf6eyVDbu9,R,168085,68,2023,k-pop,https://open.spotify.com/track/2pn8dNVSpYnAtlKFC8Q0DJ,2021,6091491.0,['k-pop'],2.0,61.0,188.7,0.607,1.0,1.0,4.0,0.11,0.311,0.286,0.0174,0.131,0.0,-6.578
1OBbNB1DuUcvs5pO8DVYrk,Come Get It,Sage The Gemini,6d47Z08T4snK50HgTEHo5Z,Morse Code,160800,35,2023,hyphy,https://open.spotify.com/track/1OBbNB1DuUcvs5pO8DVYrk,2017,869253.0,"['hyphy', 'pop rap', 'southern hip hop', 'trap']",15.0,59.0,99.999,0.531,11.0,0.0,4.0,0.0555,0.845,0.769,0.177,0.0947,1.19e-06,-5.935
5Rzpn60KTM11EBETHaF9Kt,我会等,承桓,3ZYhFl4nztqc9vx35vKdUI,我会等,195483,65,2023,mandopop; c-pop; chinese r&b; taiwanese pop,https://open.spotify.com/track/5Rzpn60KTM11EBETHaF9Kt,2023,37029.0,['chinese viral pop'],2.0,55.0,124.067,0.449,1.0,1.0,4.0,0.0372,0.713,0.34,0.302,0.174,0.0,-8.288
35RZ3ak8JdBKTJt8uM5c5e,always be a fan,Eva Grace,67sX3xnatlElE31KHjSWVr,always be a fan,138124,0,2023,,https://open.spotify.com/track/35RZ3ak8JdBKTJt8uM5c5e,2023,27787.0,[],1.0,32.0,167.933,0.608,8.0,0.0,4.0,0.0674,0.689,0.729,0.0103,0.121,0.0165,-7.966
0zL5fdl4CvAAYUG3dJVMqS,shortcut to heaven,lullaboy,7zrkFhYAp6dBxsydmJkouN,shortcut to heaven,184343,46,2023,,https://open.spotify.com/track/0zL5fdl4CvAAYUG3dJVMqS,2022,90228.0,[],1.0,47.0,91.99,0.505,1.0,1.0,4.0,0.0451,0.657,0.565,0.255,0.263,0.0,-7.333
2gam98EZKrF9XuOkU13ApN,Promiscuous,"Nelly Furtado, Timbaland",2jw70GZXlAI8QzWeY2bgRc,Loose,242293,90,2023,,https://open.spotify.com/track/2gam98EZKrF9XuOkU13ApN,2006,3802522.0,"['canadian latin', 'canadian pop', 'dance pop', 'pop']",17.0,73.0,114.328,0.97,10.0,0.0,4.0,0.0506,0.808,0.868,0.0569,0.154,6.13e-05,-6.098
09rAJ1Q1NNJSaUKEW3X9P6,Crying On The Dancefloor,"Sam Feldt, Jonas Blue, Endless Summer, Violet Days",20gsENnposVs2I4rQ5kvrf,Crying On The Dancefloor,173008,66,2023,tropical house,https://open.spotify.com/track/09rAJ1Q1NNJSaUKEW3X9P6,2023,765632.0,"['edm', 'pop dance', 'tropical house']",1.0,66.0,126.001,0.698,10.0,1.0,4.0,0.0659,0.723,0.317,0.18,0.797,0.0,-6.162
64c5wrsub6yGJRs7swMo8n,past life,elijah woods,3IR6DvP0x2a6oUSist9UMu,past life,164214,46,2023,pop singer-songwriter,https://open.spotify.com/track/64c5wrsub6yGJRs7swMo8n,2023,326226.0,['singer-songwriter pop'],1.0,62.0,87.965,0.549,10.0,1.0,4.0,0.0413,0.733,0.373,0.513,0.1,0.0,-7.263
7KWf7gZ05NciRE6SXZveds,Infinitely Falling,Fly By Midnight,4rQTEdG6hDVOlDUFKs9EjZ,Fictional Illustrations,163738,60,2023,,https://open.spotify.com/track/7KWf7gZ05NciRE6SXZveds,2023,248275.0,['singer-songwriter pop'],10.0,57.0,107.014,0.842,9.0,1.0,4.0,0.0326,0.6,0.49,0.133,0.115,0.00404,-6.876
1ENQZlb9iVUnCoN2QtI77e,With All My Heart,"ILLENIUM, JVKE",45eNHdiiabvmbp4erw26rg,With All My Heart,177600,47,2023,melodic bass; future bass; edm,https://open.spotify.com/track/1ENQZlb9iVUnCoN2QtI77e,2023,1492758.0,"['edm', 'melodic dubstep', 'pop dance']",1.0,68.0,99.934,0.697,9.0,1.0,4.0,0.0316,0.565,0.343,0.321,0.0926,0.0,-4.901
3dOBB8XZNu8aqi7JstoRZO,Dangerous Love,"Fuse ODG, Sean Paul",374sWpAJsbZckf98df2jJJ,T.I.N.A.,235375,67,2023,azonto; afrobeats; hiplife,https://open.spotify.com/track/3dOBB8XZNu8aqi7JstoRZO,2014,137983.0,"['afrobeats', 'azonto']",16.0,60.0,127.999,0.945,9.0,1.0,4.0,0.064,0.704,0.8,0.0259,0.0563,0.0,-4.211
3WUyu94psXrYV6HZbXgcFA,Rover,KAI,6iVo62B0bdTknRcrktCmak,Rover - The 3rd Mini Album,174506,67,2023,k-pop,https://open.spotify.com/track/3WUyu94psXrYV6HZbXgcFA,2023,1450968.0,['k-pop'],6.0,57.0,186.022,0.806,1.0,0.0,4.0,0.201,0.629,0.545,0.0212,0.0955,0.000487,-2.034
4P9Q0GojKVXpRTJCaL3kyy,All Of The Girls You Loved Before,Taylor Swift,06HL4z0CvFAxyc27GXpf02,All Of The Girls You Loved Before,221407,73,2023,,https://open.spotify.com/track/4P9Q0GojKVXpRTJCaL3kyy,2019,108717184.0,['pop'],1.0,100.0,95.96,0.467,2.0,1.0,3.0,0.0398,0.718,0.396,0.707,0.126,6.92e-05,-9.66
0ClPIeT6MSgfSgQ9ZrJbAq,Cheating on You,Charlie Puth,6VuMaDnrHyPL1p4EHjYLi7,Cheating on You,196606,77,2023,soft pop,https://open.spotify.com/track/0ClPIeT6MSgfSgQ9ZrJbAq,2019,22462705.0,"['pop', 'viral pop']",1.0,76.0,123.042,0.535,4.0,1.0,4.0,0.0336,0.749,0.601,0.0131,0.0982,3.65e-05,-6.785
2fsULZDbmjjZPtr1PfeBRz,That's on You,Kid Ink,6KZDXtSj0SzGOV705nNeh3,Summer In The Winter,210432,53,2023,,https://open.spotify.com/track/2fsULZDbmjjZPtr1PfeBRz,2015,2941414.0,"['pop rap', 'rap', 'southern hip hop', 'trap']",11.0,63.0,104.984,0.481,9.0,1.0,4.0,0.353,0.596,0.277,0.0345,0.197,0.0,-8.676
7IeEimFmXnWGYE9TPGND7Y,Come Back Home,"Manafest, Trevor McNevan",4uOFEWy9mIcvQbr03IbPcL,This Is Not the End,178696,0,2023,christian rock; christian hip hop; christian alternative rock; rap rock,https://open.spotify.com/track/7IeEimFmXnWGYE9TPGND7Y,2019,169483.0,"['christian alternative rock', 'christian hip hop', 'christian rock']",10.0,46.0,146.118,0.743,9.0,0.0,4.0,0.0461,0.535,0.366,0.0915,0.27,0.0,-4.209
5BJSIhaHPpnTkAahlmOQ1h,If You Met Me First,Eric Ethridge,6h3SuFXFhINbYsVyIgaKLS,Eric Ethridge,193832,0,2023,,https://open.spotify.com/track/5BJSIhaHPpnTkAahlmOQ1h,2018,17777.0,['canadian contemporary country'],7.0,32.0,145.908,0.552,9.0,1.0,4.0,0.0303,0.31,0.244,0.344,0.0689,0.0,-5.967
6MZKKGF4xkm731OSYoSYjc,Champion,"Tommee Profitt, Nicole Serrano",73jlPRxT7z5xk29sMqFDjU,Cinematic Songs (Vol. 6),215142,41,2023,,https://open.spotify.com/track/6MZKKGF4xkm731OSYoSYjc,2019,255532.0,['anthem worship'],13.0,59.0,139.728,0.629,5.0,0.0,4.0,0.0597,0.483,0.342,0.433,0.11,0.0,-5.207
3Mf5lroDtECoRWVUWnHCo8,Twerk It Like Miley,"Brandon Beal, Christopher",7p2aOXY5bfHyjujI3fCWTu,Truth,200280,62,2023,dansk pop,https://open.spotify.com/track/3Mf5lroDtECoRWVUWnHCo8,2016,37496.0,['danish pop'],11.0,42.0,68.055,0.41,11.0,1.0,5.0,0.386,0.621,0.337,0.199,0.11,0.0,-7.806
5k9VuQEeySm7vOIkj5joWW,Adventure,Matthew Parker,0QT3cPPXMGYtTG3kN8Ez54,Adventure,187520,13,2023,christian edm; christian pop; christian,https://open.spotify.com/track/5k9VuQEeySm7vOIkj5joWW,2016,37131.0,"['ccm', 'cedm', 'christian pop']",15.0,38.0,114.02,0.857,6.0,0.0,4.0,0.0558,0.767,0.86,0.0477,0.267,0.0,-4.687
0b7qBgsDlYz5koxoIdTZTe,Tomorrow,Fly By Midnight,4rQTEdG6hDVOlDUFKs9EjZ,Silver Crane,185474,50,2023,,https://open.spotify.com/track/0b7qBgsDlYz5koxoIdTZTe,2021,248275.0,['singer-songwriter pop'],12.0,57.0,149.969,0.669,2.0,1.0,4.0,0.037,0.568,0.405,0.112,0.115,0.0,-5.698
0lUSd7TCG8srh6HpIAEIWL,Power,Little Mix,3e7awlrlDSwF3iM0WBjGMp,Glory Days (Expanded Edition),247840,75,2023,,https://open.spotify.com/track/0lUSd7TCG8srh6HpIAEIWL,2016,11816493.0,"['girl group', 'pop', 'talent show', 'uk pop']",21.0,70.0,172.966,0.855,7.0,1.0,4.0,0.211,0.566,0.517,0.0372,0.181,0.000157,-4.016
1LLXZFeAHK9R4xUramtUKw,London Boy,Taylor Swift,06HL4z0CvFAxyc27GXpf02,Lover,190240,74,2023,,https://open.spotify.com/track/1LLXZFeAHK9R4xUramtUKw,2019,108717184.0,['pop'],18.0,100.0,157.925,0.71,1.0,1.0,4.0,0.05,0.695,0.557,0.0246,0.133,0.000104,-6.639
4AYtqFyFbX0Xkc2wtcygTr,Soon You’ll Get Better (feat. The Chicks),"Taylor Swift, The Chicks",06HL4z0CvFAxyc27GXpf02,Lover,201586,65,2023,,https://open.spotify.com/track/4AYtqFyFbX0Xkc2wtcygTr,2019,108717184.0,['pop'],18.0,100.0,207.476,0.182,0.0,1.0,4.0,0.0641,0.433,0.421,0.907,0.123,0.0,-12.566
3T4UodGkfZObJ43RtA5KFU,Connection,OneRepublic,5Pwc4xIPtQLFEnJriah9YJ,Connection,148459,60,2023,soft pop,https://open.spotify.com/track/3T4UodGkfZObJ43RtA5KFU,2018,16820015.0,"['piano rock', 'pop']",1.0,80.0,168.154,0.602,5.0,1.0,4.0,0.0437,0.611,0.624,0.000837,0.112,0.0,-4.89
2JzZzZUQj3Qff7wapcbKjc,See You Again (feat. Charlie Puth),"Wiz Khalifa, Charlie Puth",137W8MRPWKqSmrBGDBFSop,See You Again (feat. Charlie Puth),229525,87,2023,,https://open.spotify.com/track/2JzZzZUQj3Qff7wapcbKjc,2015,10937661.0,"['hip hop', 'pittsburgh rap', 'pop rap', 'rap', 'southern hip hop', 'trap']",1.0,78.0,80.025,0.481,10.0,1.0,4.0,0.0815,0.689,0.283,0.369,0.0649,1.03e-06,-7.503
2asIUjALYhUbH8hvLUhDWo,Main Chick (feat. Chris Brown),"Kid Ink, Chris Brown",6KZDXtSj0SzGOV705nNeh3,My Own Lane (Expanded Edition),197813,75,2023,,https://open.spotify.com/track/2asIUjALYhUbH8hvLUhDWo,2014,2941414.0,"['pop rap', 'rap', 'southern hip hop', 'trap']",18.0,63.0,95.072,0.496,10.0,1.0,4.0,0.0354,0.775,0.204,0.0393,0.526,0.0,-5.652
7FIWs0pqAYbP91WWM0vlTQ,Godzilla (feat. Juice WRLD),"Eminem, Juice WRLD",7dGJo4pcD2V6oG8kP0tJRR,Music To Be Murdered By,210800,83,2023,rap; hip hop,https://open.spotify.com/track/7FIWs0pqAYbP91WWM0vlTQ,2020,83371408.0,"['detroit hip hop', 'hip hop', 'rap']",20.0,87.0,165.995,0.745,10.0,0.0,4.0,0.342,0.808,0.829,0.145,0.292,0.0,-5.26
0rhI6gvOeCKA502RdJAbfs,Sugar Rush Ride,TOMORROW X TOGETHER,0ghlgldX5Dd6720Q3qFyQB,The Name Chapter: TEMPTATION,186570,69,2023,k-pop,https://open.spotify.com/track/0rhI6gvOeCKA502RdJAbfs,2023,9876744.0,"['k-pop', 'k-pop boy group']",5.0,77.0,125.022,0.893,10.0,0.0,4.0,0.0851,0.712,0.828,0.00788,0.169,0.0,-3.995
1pdFdv8R6ezIAUUNkn785b,CHEERS,SEVENTEEN,7nqOGRxlXj7N2JYbgNEjYH,SECTOR 17,181466,62,2023,k-pop,https://open.spotify.com/track/1pdFdv8R6ezIAUUNkn785b,2022,11246705.0,"['k-pop', 'k-pop boy group']",13.0,76.0,159.991,0.848,2.0,1.0,4.0,0.097,0.74,0.881,0.306,0.193,0.0,-4.697
5cRYjWM1b6Zqgnwg0F0kPP,My Stupid Heart,Walk off the Earth,6jEiUoyyJNPHzSR0Nib6HX,My Stupid Heart (Kids Version),160866,29,2023,,https://open.spotify.com/track/5cRYjWM1b6Zqgnwg0F0kPP,2023,,,2.0,,115.077,0.682,7.0,1.0,4.0,0.0345,0.75,0.655,0.0799,0.199,0.0,-8.257
3vHKqg3WDgtWA5unl5layh,DANCING ALL ALONE,Clinton Kane,7okSU80WTrn4LXlyXYbX3P,DANCING ALL ALONE,171601,47,2023,,https://open.spotify.com/track/3vHKqg3WDgtWA5unl5layh,2023,909534.0,"['alt z', 'gen z singer-songwriter']",1.0,59.0,145.934,0.576,5.0,1.0,4.0,0.244,0.404,0.489,0.0693,0.551,3.8e-06,-5.803
2NjO87HyT80fsgejd3PLYW,Dance To This (feat. Ariana Grande),"Troye Sivan, Ariana Grande",3WGpXCj9YhhfX11TToZcXP,Bloom,231846,70,2023,,https://open.spotify.com/track/2NjO87HyT80fsgejd3PLYW,2018,8114601.0,"['australian pop', 'pop', 'viral pop']",10.0,75.0,117.016,0.756,11.0,1.0,4.0,0.047,0.736,0.712,0.00632,0.106,0.00577,-7.099
3afkJSKX0EAMsJXTZnDXXJ,Strawberries & Cigarettes,Troye Sivan,3WGpXCj9YhhfX11TToZcXP,Strawberries & Cigarettes,201538,73,2023,,https://open.spotify.com/track/3afkJSKX0EAMsJXTZnDXXJ,2018,8114601.0,"['australian pop', 'pop', 'viral pop']",1.0,75.0,83.909,0.537,9.0,1.0,4.0,0.0832,0.578,0.25,0.162,0.076,0.0,-8.676
5IgjP7X4th6nMNDh4akUHb,Under The Influence,Chris Brown,7bXgB6jMjp9ATFy66eO08Z,Indigo (Extended),184203,85,2023,r&b,https://open.spotify.com/track/5IgjP7X4th6nMNDh4akUHb,2019,21475109.0,"['r&b', 'rap']",42.0,84.0,116.992,0.69,9.0,0.0,4.0,0.0427,0.733,0.31,0.0635,0.105,1.18e-06,-5.529
4q6dqyGM25sKFU8nYAGRe4,Show Me (feat. Chris Brown),"Kid Ink, Chris Brown",6KZDXtSj0SzGOV705nNeh3,My Own Lane (Expanded Edition),217800,78,2023,,https://open.spotify.com/track/4q6dqyGM25sKFU8nYAGRe4,2014,2941414.0,"['pop rap', 'rap', 'southern hip hop', 'trap']",18.0,63.0,98.098,0.508,7.0,1.0,4.0,0.0502,0.711,0.663,0.0355,0.141,0.0,-7.299
5FsJ8AUxW1KBypdhFvbdkd,PIE (feat. Chris Brown),"Future, Chris Brown",1RyvyyTE3xzB2ZywiAwp0i,HNDRXX,211240,55,2023,rap; trap,https://open.spotify.com/track/5FsJ8AUxW1KBypdhFvbdkd,2017,16755246.0,"['atl hip hop', 'hip hop', 'rap', 'southern hip hop', 'trap']",19.0,91.0,155.982,0.6,5.0,0.0,4.0,0.309,0.755,0.652,0.144,0.117,0.0,-6.431
009ImBOrIUlWgla8U05RAC,Unconditionally,Katy Perry,6jJ0s89eD6GaHleKKya26X,PRISM,228878,80,2023,pop,https://open.spotify.com/track/009ImBOrIUlWgla8U05RAC,2013,32739650.0,['pop'],13.0,81.0,128.902,0.725,7.0,1.0,4.0,0.0431,0.432,0.353,0.00273,0.208,0.0,-4.862
5LkRgwjOaBydaGxc5rztPd,Can't Miss You Anymore,Avery Anna,5rjz63sgMaAUAyBMyCUK5D,Can't Miss You Anymore,172663,47,2023,,https://open.spotify.com/track/5LkRgwjOaBydaGxc5rztPd,2021,112528.0,"['alt z', 'modern country pop', 'singer-songwriter pop']",1.0,54.0,189.792,0.428,5.0,1.0,4.0,0.0396,0.388,0.311,0.166,0.0773,0.0,-7.146
2K52TQ4HqTz2ZbCrhkFw0p,Not Supposed To Know Each Other,Taylor Edwards,2LMvoFcHZ0G38iO4Jra8ki,Born in July,161632,40,2023,,https://open.spotify.com/track/2K52TQ4HqTz2ZbCrhkFw0p,2021,17653.0,"['country pop', 'modern country pop']",7.0,34.0,97.983,0.802,2.0,1.0,4.0,0.0295,0.637,0.508,0.559,0.0865,0.0,-3.687
43rA71bccXFGD4C8GOpIlN,I Forgot That You Existed,Taylor Swift,06HL4z0CvFAxyc27GXpf02,Lover,170640,72,2023,,https://open.spotify.com/track/43rA71bccXFGD4C8GOpIlN,2019,108717184.0,['pop'],18.0,100.0,92.875,0.316,5.0,1.0,4.0,0.519,0.664,0.541,0.298,0.0812,2.03e-06,-10.345
5rCt377EMkCJ0D0sldd5t8,Penthouse,Kelsea Ballerini,3RqBeV12Tt7A8xH3zBDDUF,Rolling Up the Welcome Mat,183080,61,2023,country; pop country,https://open.spotify.com/track/5rCt377EMkCJ0D0sldd5t8,2023,1143657.0,"['contemporary country', 'country']",6.0,65.0,75.068,0.447,5.0,1.0,4.0,0.0367,0.499,0.53,0.706,0.0868,0.0,-5.083
4kkeuVl6gF3RMqE4Nn5W3E,E.T.,Katy Perry,6jJ0s89eD6GaHleKKya26X,Teenage Dream,206373,70,2023,pop,https://open.spotify.com/track/4kkeuVl6gF3RMqE4Nn5W3E,2010,32739650.0,['pop'],12.0,81.0,150.183,0.863,5.0,0.0,4.0,0.0773,0.602,0.732,0.0178,0.389,0.0,-5.423
7ySUcLPVX7KudhnmNcgY2D,S&M,Rihanna,5pKCCKE2ajJHZ9KAiaK11H,Loud,243600,89,2023,,https://open.spotify.com/track/7ySUcLPVX7KudhnmNcgY2D,2010,59527443.0,"['barbadian pop', 'pop', 'urban contemporary']",13.0,87.0,127.972,0.684,1.0,1.0,4.0,0.0411,0.769,0.835,0.0105,0.0887,0.000125,-5.019
3Yt9lRtS5V4nbJnwcgFgvC,You Da One,Rihanna,5pKCCKE2ajJHZ9KAiaK11H,Talk That Talk,200013,78,2023,,https://open.spotify.com/track/3Yt9lRtS5V4nbJnwcgFgvC,2011,59527443.0,"['barbadian pop', 'pop', 'urban contemporary']",11.0,87.0,127.05,0.715,5.0,0.0,4.0,0.0425,0.702,0.863,0.503,0.126,2.44e-05,-5.377
16Of7eeW44kt0a1M0nitHM,You Make Me Feel... (feat. Sabi),"Cobra Starship, Sabi",2aYJ5LAta2ScCdfLhKgZOY,Night Shades,215693,78,2023,,https://open.spotify.com/track/16Of7eeW44kt0a1M0nitHM,2011,493269.0,"['neon pop punk', 'pop punk', 'post-teen pop']",10.0,54.0,131.959,0.857,7.0,0.0,4.0,0.0535,0.668,0.748,0.0191,0.0385,6.71e-06,-2.944
6yARPLK0PV4heEyh7pVMGz,Part Of Me,Katy Perry,6jJ0s89eD6GaHleKKya26X,Teenage Dream: The Complete Confection,216160,76,2023,pop,https://open.spotify.com/track/6yARPLK0PV4heEyh7pVMGz,2012,32739650.0,['pop'],19.0,81.0,130.01,0.922,5.0,1.0,4.0,0.0353,0.667,0.761,0.000354,0.0867,0.0,-4.645
6qn9YLKt13AGvpq9jfO8py,We Found Love,"Rihanna, Calvin Harris",5pKCCKE2ajJHZ9KAiaK11H,Talk That Talk,215226,88,2023,,https://open.spotify.com/track/6qn9YLKt13AGvpq9jfO8py,2011,59527443.0,"['barbadian pop', 'pop', 'urban contemporary']",11.0,87.0,127.986,0.766,1.0,1.0,4.0,0.0383,0.734,0.6,0.025,0.108,0.00138,-4.485
2tpfxAXiI52znho4WE3XFA,Talking Body,Tove Lo,4NHQUGzhtTLFvgF5SZesLK,Queen Of The Clouds,238426,76,2023,,https://open.spotify.com/track/2tpfxAXiI52znho4WE3XFA,2014,3544570.0,"['dance pop', 'metropopolis', 'pop', 'swedish electropop', 'swedish pop', 'swedish synthpop']",19.0,69.0,119.999,0.761,4.0,0.0,4.0,0.0338,0.736,0.114,0.0966,0.0823,0.0,-5.449
12cZWGf5ZgLcKubEW9mx5q,HOPE,NF,6fOMl44jA4Sp5b9PpYCkzz,HOPE,264473,68,2023,christian hip hop,https://open.spotify.com/track/12cZWGf5ZgLcKubEW9mx5q,2023,9738766.0,"['hip hop', 'pop rap']",1.0,76.0,100.559,0.787,0.0,0.0,3.0,0.212,0.546,0.497,0.396,0.0619,0.0,-4.023
6gHeWGamtOYHBd1LBZ7Fv6,There,Stray Kids,2dIgFjalVxs4ThymZ67YCE,There,215373,53,2023,k-pop; noise music,https://open.spotify.com/track/6gHeWGamtOYHBd1LBZ7Fv6,2023,15173090.0,"['k-pop', 'k-pop boy group', 'pop']",1.0,79.0,79.984,0.631,1.0,0.0,4.0,0.122,0.712,0.298,0.19,0.106,0.0,-5.719
0Dc7J9VPV4eOInoxUiZrsL,Don't Tell 'Em,"Jeremih, YG",3KV3p5EY4AvKxOlhGHORLg,Late Nights: The Album,266840,80,2023,,https://open.spotify.com/track/0Dc7J9VPV4eOInoxUiZrsL,2015,6537442.0,"['chicago rap', 'pop rap', 'r&b', 'southern hip hop', 'trap', 'urban contemporary']",15.0,70.0,98.052,0.527,2.0,1.0,4.0,0.0997,0.856,0.386,0.392,0.11,0.0,-5.225
45O0tUN9Bh6LH4eNxQ07AT,Eenie Meenie,Sean Kingston,6S0dmVVn4udvppDhZIWxCr,Eenie Meenie EP,201653,64,2023,,https://open.spotify.com/track/45O0tUN9Bh6LH4eNxQ07AT,2020,3234830.0,"['dance pop', 'miami hip hop', 'pop']",3.0,68.0,121.212,0.639,1.0,1.0,4.0,0.0316,0.734,0.836,0.0348,0.102,0.0,-3.241
1rUQmXEy41tXwHIKFECNTa,Wide Awake,Katy Perry,6jJ0s89eD6GaHleKKya26X,Teenage Dream: The Complete Confection,220933,80,2023,pop,https://open.spotify.com/track/1rUQmXEy41tXwHIKFECNTa,2012,32739650.0,['pop'],19.0,81.0,160.035,0.681,5.0,1.0,4.0,0.0359,0.511,0.555,0.0843,0.503,6.73e-06,-5.103
0lizgQ7Qw35od7CYaoMBZb,Santa Tell Me,Ariana Grande,66CXWjxzNUsdJxJ2JdwvnR,Santa Tell Me,204093,67,2023,pop,https://open.spotify.com/track/0lizgQ7Qw35od7CYaoMBZb,2014,95921722.0,['pop'],1.0,90.0,191.9,0.621,7.0,1.0,4.0,0.116,0.525,0.591,0.0489,0.294,0.0,-7.364
1PuzhB7VJ2ubpmAEvQj7C6,Drop That Low (When I Dip),"Tujamo, Kid Ink",2vVNxGBvKRQMWwI5c8KmYh,Drop That Low (When I Dip),153809,47,2023,,https://open.spotify.com/track/1PuzhB7VJ2ubpmAEvQj7C6,2023,264669.0,"['dutch house', 'edm', 'electro house', 'melbourne bounce', 'pop dance', 'progressive electro house']",1.0,58.0,126.366,0.799,5.0,0.0,4.0,0.177,0.446,0.263,0.0619,0.101,0.00213,-4.58
1dl3vuXJS9anUXE7XnNP75,Get Ugly,Jason Derulo,07YZf4WDAMNwqr4jfgOZ8y,Everything Is 4,200492,64,2023,,https://open.spotify.com/track/1dl3vuXJS9anUXE7XnNP75,2015,11922459.0,"['dance pop', 'pop']",11.0,75.0,111.066,0.683,9.0,0.0,4.0,0.12,0.75,0.539,0.0462,0.297,1.32e-06,-4.829
7HKgmhsgsJw1Q61brYE4o3,F It Up,Jason Derulo,07YZf4WDAMNwqr4jfgOZ8y,2Sides (Side 1),157078,41,2023,,https://open.spotify.com/track/7HKgmhsgsJw1Q61brYE4o3,2019,11922459.0,"['dance pop', 'pop']",6.0,75.0,100.006,0.853,11.0,0.0,4.0,0.123,0.847,0.811,0.11,0.14,0.0,-4.724
5DV4ZSCqbFv74ui3ZhimXo,Coño,"Jason Derulo, Puri, Jhorrmountain",07YZf4WDAMNwqr4jfgOZ8y,Coño,111852,62,2023,,https://open.spotify.com/track/5DV4ZSCqbFv74ui3ZhimXo,2020,11922459.0,"['dance pop', 'pop']",1.0,75.0,100.037,0.528,9.0,1.0,4.0,0.181,0.899,0.456,0.000554,0.105,0.0101,-5.442
1ZNDa26Rrj8VVOnsV7q1Dj,All About It,Deep Chills,12rBrcOPP50qIan8ew4iTP,All About It,135642,49,2023,tropical house; lounge,https://open.spotify.com/track/1ZNDa26Rrj8VVOnsV7q1Dj,2020,105863.0,['tropical house'],1.0,53.0,108.055,0.564,7.0,1.0,4.0,0.0328,0.741,0.884,0.307,0.171,0.0,-8.777
6KkSvREHsN9bFe1zrH3jVB,life after life,elijah woods,3IR6DvP0x2a6oUSist9UMu,life after life,147592,42,2023,pop singer-songwriter,https://open.spotify.com/track/6KkSvREHsN9bFe1zrH3jVB,2023,326226.0,['singer-songwriter pop'],1.0,62.0,147.899,0.624,8.0,1.0,4.0,0.108,0.649,0.163,0.189,0.111,0.0,-7.428
1JXoYzZXVW7H829mHfiWRm,That's What I Get,charlieonnafriday,1hmTCch4tWOJmdqkf8nSRA,That's What I Get,150604,51,2023,,https://open.spotify.com/track/1JXoYzZXVW7H829mHfiWRm,2023,342098.0,['singer-songwriter pop'],2.0,59.0,142.959,0.722,1.0,1.0,4.0,0.0454,0.814,0.47,0.33,0.0713,0.0,-5.487
0KpWiHVmIFDTvai20likX4,drunk text,Henry Moodie,7hr9W3IjXcm3UlLY7guLk5,drunk text,187263,3,2023,,https://open.spotify.com/track/0KpWiHVmIFDTvai20likX4,2023,361244.0,['singer-songwriter pop'],1.0,67.0,185.636,0.401,0.0,1.0,3.0,0.0851,0.382,0.145,0.286,0.0851,0.0,-8.955
1FSfCzJd8aSQ0nqTSbN4PO,Piano,Ariana Grande,66CXWjxzNUsdJxJ2JdwvnR,Yours Truly,234426,57,2023,pop,https://open.spotify.com/track/1FSfCzJd8aSQ0nqTSbN4PO,2013,95921722.0,['pop'],12.0,90.0,120.017,0.804,1.0,0.0,4.0,0.0815,0.738,0.725,0.164,0.826,0.0,-4.286
2UcK3xgGDxPSyKzKqyPv0s,Girl in the Mirror,Bebe Rexha,64M6ah0SkkRsnPGtGiRAbb,UglyDolls (Original Motion Picture Soundtrack),158066,62,2023,,https://open.spotify.com/track/2UcK3xgGDxPSyKzKqyPv0s,2019,9009684.0,"['dance pop', 'pop']",16.0,76.0,106.966,0.69,2.0,1.0,4.0,0.0352,0.748,0.513,0.0615,0.296,0.0,-3.053
4IvuPZogXbY7LODs7qzr0W,Carried Away (Love To Love) (with Madison Beer),"Surf Mesa, Madison Beer",1lmU3giNF3CSbkVSQmLpHQ,Carried Away (Love To Love) (with Madison Beer),182653,57,2023,,https://open.spotify.com/track/4IvuPZogXbY7LODs7qzr0W,2021,170655.0,['pop edm'],1.0,58.0,141.971,0.683,1.0,1.0,4.0,0.0364,0.518,0.304,0.346,0.311,0.0,-5.295
7bevK9DJVy1a16426t2WQ1,Love You Like Me,William Singe,5exS0bytCYdixgv02DaCm3,Love You Like Me,218614,57,2023,,https://open.spotify.com/track/7bevK9DJVy1a16426t2WQ1,2019,611223.0,['pop r&b'],1.0,55.0,112.004,0.514,5.0,0.0,4.0,0.0759,0.756,0.332,0.47,0.124,0.0,-7.364
5cPdJLM4dTbC3YPs2jYAoe,No Limits,DaniLeigh,0XIKGBo9PnK1ApI5tZA60d,No Limits,100346,43,2023,r&b,https://open.spotify.com/track/5cPdJLM4dTbC3YPs2jYAoe,2019,1298024.0,"['r&b', 'rap latina']",1.0,53.0,133.965,0.458,6.0,0.0,4.0,0.121,0.858,0.242,0.451,0.108,4.32e-06,-8.492
69eXHDgEEQ6itzt03E7fKz,Cravin (feat. G-Eazy),"DaniLeigh, G-Eazy",0XIKGBo9PnK1ApI5tZA60d,Cravin,178906,52,2023,r&b,https://open.spotify.com/track/69eXHDgEEQ6itzt03E7fKz,2019,1298024.0,"['r&b', 'rap latina']",1.0,53.0,97.025,0.538,4.0,0.0,4.0,0.246,0.834,0.536,0.191,0.113,0.0,-5.54
0uhM3a59WXfYEsxbmjga6S,BOYTOY,Halle Abadi,7mA4vx3PZgpnmvmvYblrTW,BOYTOY,110000,0,2023,pop singer-songwriter,https://open.spotify.com/track/0uhM3a59WXfYEsxbmjga6S,2022,52552.0,['singer-songwriter pop'],1.0,42.0,127.034,0.467,4.0,0.0,4.0,0.0764,0.849,0.82,0.181,0.162,0.0,-6.624
7BiEgR5r0yMmFoWC9kOTGf,DON QUIXOTE,SEVENTEEN,7nqOGRxlXj7N2JYbgNEjYH,Face the Sun,172360,62,2023,k-pop,https://open.spotify.com/track/7BiEgR5r0yMmFoWC9kOTGf,2022,11246705.0,"['k-pop', 'k-pop boy group']",9.0,76.0,76.453,0.837,1.0,1.0,4.0,0.0992,0.733,0.606,0.0671,0.0939,0.0,-4.537
5QzjOeD7eXFZpVVyVC7ls2,MOVE,TNX,0DRiXmEOc6dJ6Rug3xi4HZ,WAY UP,212403,44,2023,k-pop; noise music,https://open.spotify.com/track/5QzjOeD7eXFZpVVyVC7ls2,2022,174746.0,['k-pop boy group'],5.0,41.0,171.993,0.836,11.0,0.0,4.0,0.219,0.689,0.716,0.0334,0.313,0.0,-3.706
2U0OFeCqnj9oFk3TLXTMmj,No Games,Swif7,31qwjgvIiGA2TSON0W5Yka,Be Swif7,156800,44,2023,,https://open.spotify.com/track/2U0OFeCqnj9oFk3TLXTMmj,2020,20653.0,[],13.0,43.0,74.997,0.617,2.0,1.0,4.0,0.034,0.643,0.253,0.311,0.13,0.506,-7.309
7xQAfvXzm3AkraOtGPWIZg,Wow.,Post Malone,246dkjvS1zLTtiykXe5h60,Hollywood's Bleeding,149546,81,2023,,https://open.spotify.com/track/7xQAfvXzm3AkraOtGPWIZg,2019,43611311.0,"['dfw rap', 'melodic rap', 'pop', 'rap']",17.0,86.0,99.96,0.539,11.0,0.0,4.0,0.208,0.829,0.388,0.136,0.103,1.78e-06,-7.359
6Se3x9ANMLv0dCDsjGmEjh,do re mi,blackbear,2cFrymmkijnjDg9SS92EPM,digital druglord,212027,78,2023,,https://open.spotify.com/track/6Se3x9ANMLv0dCDsjGmEjh,2017,4928073.0,['pop'],10.0,71.0,111.001,0.593,8.0,1.0,3.0,0.0524,0.745,0.17,0.00522,0.123,5.06e-06,-6.35
7zl7kehxesNEo2pYkKXTSe,Killer (feat. Jack Harlow & Cordae) - Remix,"Eminem, Jack Harlow, Cordae",7dGJo4pcD2V6oG8kP0tJRR,Killer (feat. Jack Harlow & Cordae) [Remix],236665,64,2023,rap; hip hop,https://open.spotify.com/track/7zl7kehxesNEo2pYkKXTSe,2021,83371408.0,"['detroit hip hop', 'hip hop', 'rap']",1.0,87.0,99.01,0.73,11.0,0.0,4.0,0.274,0.924,0.848,0.0525,0.113,0.0,-6.125
7KXjTSCq5nL1LoYtL7XAwS,HUMBLE.,Kendrick Lamar,2YZyLoL8N0Wb9xBt1NhZWg,DAMN.,177000,86,2023,hip hop; west coast hip hop,https://open.spotify.com/track/7KXjTSCq5nL1LoYtL7XAwS,2017,27713394.0,"['conscious hip hop', 'hip hop', 'rap', 'west coast rap']",14.0,87.0,150.011,0.621,1.0,0.0,4.0,0.102,0.908,0.421,0.000282,0.0958,5.39e-05,-6.638
7gd01LMH2gBcoDngSt8sq9,Next To You (feat. Justin Bieber),"Chris Brown, Justin Bieber",7bXgB6jMjp9ATFy66eO08Z,F.A.M.E. (Expanded Edition),265813,77,2023,r&b,https://open.spotify.com/track/7gd01LMH2gBcoDngSt8sq9,2011,21475109.0,"['r&b', 'rap']",18.0,84.0,114.974,0.676,8.0,1.0,4.0,0.037,0.67,0.349,0.0201,0.11,0.0,-4.725
7bRz4TuVPUqb97BFcLPCqM,If I Ever,Conor Maynard,6mU8ucezzms5I2kNH6HNlu,If I Ever,194181,45,2023,,https://open.spotify.com/track/7bRz4TuVPUqb97BFcLPCqM,2023,2076312.0,"['post-teen pop', 'talent show', 'uk pop', 'viral pop']",1.0,61.0,109.958,0.679,9.0,0.0,4.0,0.0341,0.754,0.666,0.0839,0.0948,0.0,-5.594
5FHPvs8RxWBQXP2Rq9I2B2,You Only Love Me,Rita Ora,5CCwRZC6euC8Odo6y9X8jr,You Only Love Me,148920,0,2023,,https://open.spotify.com/track/5FHPvs8RxWBQXP2Rq9I2B2,2023,8248713.0,"['dance pop', 'pop', 'uk pop']",1.0,68.0,110.151,0.727,7.0,1.0,4.0,0.0689,0.67,0.412,0.277,0.52,0.0,-5.477
1SFA5zEVOsLhEg7ynbvQFT,Luv Me a Little,"ILLENIUM, Nina Nesbitt",45eNHdiiabvmbp4erw26rg,Luv Me A Little,224615,47,2023,melodic bass; future bass; edm,https://open.spotify.com/track/1SFA5zEVOsLhEg7ynbvQFT,2023,1492758.0,"['edm', 'melodic dubstep', 'pop dance']",1.0,68.0,155.998,0.769,5.0,1.0,4.0,0.0448,0.478,0.157,0.168,0.156,0.0,-5.092
5iscY6uoraOqqKurX7G8S9,Drop,"Connor Price, Zensery",5zixe6AbgXPqt4c1uSl94L,Drop,128691,53,2023,,https://open.spotify.com/track/5iscY6uoraOqqKurX7G8S9,2023,1293601.0,['singer-songwriter pop'],1.0,71.0,124.042,0.616,1.0,0.0,4.0,0.0778,0.919,0.431,0.000516,0.0752,0.000203,-5.215
3fqBhOtYA62A5D20j8OaQY,I'll Be Waiting,Cian Ducrot,49jTY62Cpw3RYo4dLuG43W,I'll Be Waiting,172547,1,2023,,https://open.spotify.com/track/3fqBhOtYA62A5D20j8OaQY,2022,398906.0,"['irish pop', 'singer-songwriter pop']",2.0,59.0,155.913,0.651,1.0,1.0,4.0,0.043,0.514,0.525,0.349,0.0776,0.0,-4.039
1KixkQVDUHggZMU9dUobgm,My Head & My Heart,Ava Max,4npEfmQ6YuiwW1GpUmaq3F,Heaven & Hell,174760,76,2023,,https://open.spotify.com/track/1KixkQVDUHggZMU9dUobgm,2020,6732644.0,['pop'],16.0,77.0,116.001,0.934,9.0,0.0,4.0,0.07,0.614,0.436,0.0697,0.121,0.0,-3.709
7CkBMJ6tGJu3aRMPstGiWI,Brace It (feat. Ed Sheeran),"Ishawna, Ed Sheeran",6qA0pd4E3zPAw9gmo5Kn80,Brace It (feat. Ed Sheeran),187290,39,2023,dancehall,https://open.spotify.com/track/7CkBMJ6tGJu3aRMPstGiWI,2022,42268.0,"['dancehall', 'dancehall queen', 'riddim']",1.0,25.0,97.035,0.706,4.0,0.0,4.0,0.0837,0.845,0.498,0.0571,0.122,0.0,-4.626
21H0pUV2uPIPcFnFhgTBjo,Woke Up in Love,"Kygo, Gryffin, Calum Scott",23fqKkggKUBHNkbKtXEls4,Woke Up in Love,216873,62,2023,tropical house,https://open.spotify.com/track/21H0pUV2uPIPcFnFhgTBjo,2022,8312282.0,"['edm', 'pop', 'pop dance', 'tropical house']",1.0,77.0,106.015,0.585,2.0,1.0,4.0,0.0369,0.643,0.188,0.225,0.0927,0.0,-5.994
1U56SWcLxXtqcVqRJ4JFLf,Tomahawk,Kid Ink,6KZDXtSj0SzGOV705nNeh3,Missed Calls,202138,39,2023,,https://open.spotify.com/track/1U56SWcLxXtqcVqRJ4JFLf,2018,2941414.0,"['pop rap', 'rap', 'southern hip hop', 'trap']",7.0,63.0,143.994,0.506,1.0,0.0,4.0,0.0545,0.756,0.315,0.137,0.158,1.75e-06,-7.067
4qyalTRMRH5YuEntvvMvq0,Come Back...Be Here,Taylor Swift,06HL4z0CvFAxyc27GXpf02,Red (Deluxe Edition),222706,47,2022,,https://open.spotify.com/track/4qyalTRMRH5YuEntvvMvq0,2012,108717184.0,['pop'],22.0,100.0,79.926,0.548,4.0,1.0,4.0,0.0254,0.483,0.217,0.00471,0.0997,2.01e-06,-6.291
3Gmxvc1KBZqDrLBkFVk3B9,Nasty,"Tyga, Chris Brown",5LHRHt1k9lMyONurDHEdrp,Nasty,212307,35,2022,,https://open.spotify.com/track/3Gmxvc1KBZqDrLBkFVk3B9,2022,6784058.0,"['hip hop', 'pop rap', 'rap', 'southern hip hop', 'trap']",1.0,75.0,103.873,0.702,11.0,0.0,4.0,0.371,0.537,0.623,0.0651,0.125,0.0,-5.814
7EixVppWsnZOvJJ4ZqET14,Good Life,The Young Escape,39ZuGmOP3orNn5Pf8S13VW,Good Life,185426,50,2022,christian pop; christian edm; christian; ccm; pop worship,https://open.spotify.com/track/7EixVppWsnZOvJJ4ZqET14,2017,41449.0,"['ccm', 'cedm', 'christian pop']",1.0,39.0,178.081,0.715,4.0,0.0,4.0,0.0931,0.587,0.433,0.0539,0.262,0.0,-6.348
7BInO5uEElo0FYOPIUlFN0,Who Says? - My Buddy Mike Remix,"Joshua Micah, My Buddy Mike",6pLDSW3de0uRB6cP30krKv,Who Says? (My Buddy Mike Remix),225217,27,2022,christian pop; christian edm; christian; ccm,https://open.spotify.com/track/7BInO5uEElo0FYOPIUlFN0,2018,20250.0,"['ccm', 'christian pop']",1.0,30.0,100.037,0.803,1.0,1.0,4.0,0.0657,0.649,0.627,0.236,0.177,0.0,-5.482
526NvYzKFMNDmJJV5trpyt,Love Me Like You,"The Young Escape, nobigdyl.",39ZuGmOP3orNn5Pf8S13VW,Love Me Like You,183600,44,2022,christian pop; christian edm; christian; ccm; pop worship,https://open.spotify.com/track/526NvYzKFMNDmJJV5trpyt,2018,41449.0,"['ccm', 'cedm', 'christian pop']",1.0,39.0,86.065,0.699,1.0,1.0,4.0,0.0452,0.597,0.481,0.136,0.071,0.0,-4.679
7IhaIquZS7xYc1CqXy8XOK,All I See (feat. CASS),"Jaisua, CASS",7u5RAgXZgtZJ7yINfxdUc5,All I See (feat. CASS),183341,39,2022,christian edm; christian pop; christian,https://open.spotify.com/track/7IhaIquZS7xYc1CqXy8XOK,2017,16147.0,"['ambient worship', 'cedm', 'christian pop']",1.0,32.0,108.002,0.555,1.0,1.0,4.0,0.032,0.694,0.353,0.0119,0.36,4.83e-05,-9.149
00vXdYgi7qL8qk0DOWRmfQ,One Night Left,"Cheat Codes, MacKenzie Porter",7DMveApC7UnC2NPfPvlHSU,One Night Left,207017,37,2022,,https://open.spotify.com/track/00vXdYgi7qL8qk0DOWRmfQ,2022,2105604.0,"['edm', 'pop', 'pop dance']",1.0,63.0,129.876,0.653,6.0,1.0,4.0,0.0448,0.62,0.357,0.202,0.0893,0.0,-5.093
2RwFM3urdm9MhkZek5G8aH,SMF (Prod. Czaer),CHANGMO,3hvinNZRzTLoREmqFiKr1b,Street Man Fighter Original Vol.1,136733,41,2022,k-rap,https://open.spotify.com/track/2RwFM3urdm9MhkZek5G8aH,2022,322717.0,"['k-rap', 'korean r&b']",2.0,53.0,128.017,0.858,11.0,1.0,4.0,0.0463,0.914,0.842,0.00626,0.128,0.0,-5.287
1HsSIPLTQT354yJcQGfEY3,Good Boy Gone Bad,TOMORROW X TOGETHER,0ghlgldX5Dd6720Q3qFyQB,minisode 2: Thursday's Child,191038,66,2022,k-pop,https://open.spotify.com/track/1HsSIPLTQT354yJcQGfEY3,2022,9876744.0,"['k-pop', 'k-pop boy group']",5.0,77.0,100.009,0.695,1.0,1.0,4.0,0.102,0.475,0.552,0.0159,0.125,0.0,-5.919
5x2p715xYEKn2AdV9pNv52,Reason,KAI,6iVo62B0bdTknRcrktCmak,KAI - The 1st Mini Album,173906,52,2022,k-pop,https://open.spotify.com/track/5x2p715xYEKn2AdV9pNv52,2020,1450968.0,['k-pop'],6.0,57.0,204.002,0.672,8.0,0.0,4.0,0.216,0.583,0.543,0.217,0.233,0.0,-5.594
7EP9G7AIKrywWGdYsYZzGv,Back Down,P1Harmony,3JjvsPeGMbDJqsphe2z8xU,HARMONY : SET IN,168053,54,2022,k-pop; noise music; t-pop,https://open.spotify.com/track/7EP9G7AIKrywWGdYsYZzGv,2022,1119742.0,"['k-pop', 'k-pop boy group']",6.0,60.0,99.957,0.731,10.0,0.0,4.0,0.0447,0.809,0.614,0.0734,0.0822,0.0,-1.455
7MONmJafc7senaIZE3ulWv,KISS,TRI.BE,6BgYuNomEs12UIrnxhWE9a,LEVIOSA,185026,46,2022,k-pop,https://open.spotify.com/track/7MONmJafc7senaIZE3ulWv,2022,410570.0,['k-pop girl group'],2.0,49.0,104.048,0.868,6.0,0.0,4.0,0.089,0.733,0.567,0.0131,0.179,2.01e-05,-3.05
1hPwlWlrGzcavwBCcS2gDD,Longer Than I Thought (feat. Joe Jonas),"Loote, Joe Jonas",00TKPo9MxwZ0j4ooveIxWZ,single.,215826,42,2022,,https://open.spotify.com/track/1hPwlWlrGzcavwBCcS2gDD,2018,218440.0,"['alt z', 'nyc pop']",7.0,49.0,117.999,0.717,9.0,1.0,4.0,0.084,0.759,0.362,0.0871,0.355,4.57e-06,-5.864
6Upu6yjkdi0DVI8E3IBZEU,Don't Wanna Cry,SEVENTEEN,7nqOGRxlXj7N2JYbgNEjYH,Al1,203426,66,2022,k-pop,https://open.spotify.com/track/6Upu6yjkdi0DVI8E3IBZEU,2017,11246705.0,"['k-pop', 'k-pop boy group']",6.0,76.0,100.005,0.683,0.0,1.0,4.0,0.0325,0.781,0.722,0.164,0.16,1.53e-06,-4.258
0cHLxojmTlaQwG9hxJW3l9,CWJBHN,"Jake Scott, Josie Dunne",0DxPHf2flBAcV2SnZPg3SV,TWENTYTWENTY,193113,0,2022,,https://open.spotify.com/track/0cHLxojmTlaQwG9hxJW3l9,2020,196490.0,"['indiecoustica', 'singer-songwriter pop']",9.0,53.0,109.967,0.437,10.0,1.0,4.0,0.0533,0.745,0.286,0.27,0.336,0.0,-10.64
1sd2HaV5RYWN8ly7htaElN,everything everywhere always,elijah woods,3IR6DvP0x2a6oUSist9UMu,everything everywhere always,147847,57,2022,pop singer-songwriter,https://open.spotify.com/track/1sd2HaV5RYWN8ly7htaElN,2022,326226.0,['singer-songwriter pop'],1.0,62.0,143.632,0.38,6.0,1.0,5.0,0.045,0.402,0.187,0.746,0.272,2.58e-06,-10.233
0VzBKgimNRMauaqzT2rEnS,Go Down Deh (feat. Sean Paul & Shaggy),"Spice, Sean Paul, Shaggy",0wEvWMQRqaXcgnrZv6KtyL,Go Down Deh (feat. Sean Paul & Shaggy),154151,77,2022,dancehall; soca; shatta; ragga,https://open.spotify.com/track/0VzBKgimNRMauaqzT2rEnS,2021,493081.0,"['dancehall', 'dancehall queen', 'jamaican dancehall']",1.0,55.0,90.016,0.8,2.0,1.0,4.0,0.108,0.817,0.534,0.12,0.187,3.9e-05,-4.475
4h4QlmocP3IuwYEj2j14p8,Sunroof,"Nicky Youre, hey daisy",7qmpXeNz2ojlMl2EEfkeLs,Sunroof,163025,11,2022,,https://open.spotify.com/track/4h4QlmocP3IuwYEj2j14p8,2021,232247.0,['singer-songwriter pop'],1.0,64.0,131.443,0.714,10.0,1.0,4.0,0.0401,0.768,0.842,0.352,0.15,0.0,-5.11
54ipXppHLA8U4yqpOFTUhr,Bones,Imagine Dragons,53XhwfbYqKCa1cC15pYq2q,Mercury - Acts 1 & 2,165264,84,2022,,https://open.spotify.com/track/54ipXppHLA8U4yqpOFTUhr,2022,52143090.0,"['modern rock', 'pop', 'rock']",32.0,84.0,114.061,0.75,5.0,0.0,4.0,0.0455,0.772,0.587,0.0201,0.074,0.0,-3.67
3oLe5ZILASG8vU5dxIMfLY,The Search,NF,6fOMl44jA4Sp5b9PpYCkzz,The Search,248053,75,2022,christian hip hop,https://open.spotify.com/track/3oLe5ZILASG8vU5dxIMfLY,2019,9738766.0,"['hip hop', 'pop rap']",20.0,76.0,119.95,0.789,2.0,1.0,4.0,0.298,0.789,0.37,0.598,0.099,0.0,-4.813
34chhNX59Wo9HMFCsI3K8Y,Memory,"Kane Brown, blackbear",3oSJ7TBVCWMDMiYjXNiCKE,Memory,153337,64,2022,country; pop country,https://open.spotify.com/track/34chhNX59Wo9HMFCsI3K8Y,2021,5344762.0,"['black americana', 'contemporary country', 'country', 'country road']",1.0,70.0,113.326,0.889,9.0,1.0,5.0,0.0509,0.434,0.845,0.395,0.273,0.0,-5.684
6Rijyyj9ynDqjzbKEH4j50,PSYCHO (feat. Anne-Marie & Aitch) - Sped Up Version,"sped up nightcore, Anne-Marie, Aitch",0M2CO5ijP35MDhNwvpgxTV,PSYCHO (feat. Anne-Marie & Aitch) [Sped Up Version],145280,18,2022,nightcore,https://open.spotify.com/track/6Rijyyj9ynDqjzbKEH4j50,2022,166564.0,"['nightcore', 'sped up']",1.0,68.0,90.048,0.673,11.0,1.0,4.0,0.307,0.685,0.721,0.0155,0.037,0.0,-5.06
1RDvyOk4WtPCtoqciJwVn8,Dreamers [Music from the FIFA World Cup Qatar 2022 Official Soundtrack],"Jung Kook, BTS, FIFA Sound",6HaGTQPmzraVmaVxvz6EUc,Dreamers [Music from the FIFA World Cup Qatar 2022 Official Soundtrack],201391,6,2022,k-pop,https://open.spotify.com/track/1RDvyOk4WtPCtoqciJwVn8,2022,14032903.0,['k-pop'],1.0,83.0,114.993,0.879,0.0,1.0,4.0,0.0422,0.71,0.341,0.158,0.439,0.00142,-4.218
4av9zuT1wEaiGm2rrfJvas,Photographs,1415,71JjZRW0sCWpF1EuaS9TQA,Touch your heart OST Part.7,219141,39,2022,k-rock,https://open.spotify.com/track/4av9zuT1wEaiGm2rrfJvas,2019,63885.0,['k-indie'],2.0,41.0,147.858,0.552,1.0,1.0,4.0,0.0397,0.628,0.237,0.672,0.108,0.0,-6.916
1r3myKmjWoOqRip99CmSj1,Don't Wanna Go Home,Jason Derulo,07YZf4WDAMNwqr4jfgOZ8y,Future History (Deluxe Edition),206080,70,2022,,https://open.spotify.com/track/1r3myKmjWoOqRip99CmSj1,2011,11922459.0,"['dance pop', 'pop']",14.0,75.0,121.956,0.808,2.0,0.0,4.0,0.0652,0.671,0.637,0.02,0.134,0.0,-4.861
3cmPUqi8Dnv1a9MRjgMZGa,Big Burna,"Kid Ink, Wiz Khalifa",6KZDXtSj0SzGOV705nNeh3,Big Burna,162850,33,2022,,https://open.spotify.com/track/3cmPUqi8Dnv1a9MRjgMZGa,2022,2941414.0,"['pop rap', 'rap', 'southern hip hop', 'trap']",1.0,63.0,129.263,0.669,8.0,0.0,5.0,0.213,0.616,0.846,0.00487,0.134,0.000104,-8.171
6C0H8ts9M6deezz0yYR6LK,Anti-Hero - ILLENIUM Remix,"Taylor Swift, ILLENIUM",06HL4z0CvFAxyc27GXpf02,Anti-Hero (ILLENIUM Remix),267960,51,2022,,https://open.spotify.com/track/6C0H8ts9M6deezz0yYR6LK,2022,108717184.0,['pop'],1.0,100.0,96.957,0.722,1.0,0.0,4.0,0.0438,0.6,0.388,0.169,0.288,0.00017,-4.865
6pmZMP2ET1OJi5rKfLO8jD,3:15,Bazzi,4GvEc3ANtPPjt1ZJllr5Zl,COSMIC,167018,65,2022,,https://open.spotify.com/track/6pmZMP2ET1OJi5rKfLO8jD,2018,5438904.0,['pop'],16.0,65.0,141.975,0.654,1.0,1.0,4.0,0.0466,0.651,0.539,0.385,0.181,0.0,-5.481
3EWVRpOcVLY74B7claEX65,See You,Johnny Orlando,6aX6KqXgEcARRHwvWxHcFW,It’s Never Really Over (Expanded),175145,50,2022,,https://open.spotify.com/track/3EWVRpOcVLY74B7claEX65,2020,834150.0,"['canadian pop', 'singer-songwriter pop', 'social media pop']",9.0,53.0,92.966,0.729,6.0,1.0,4.0,0.038,0.667,0.316,0.224,0.0788,0.000152,-4.708
0EcQcdcbQeVJn9fknj44Be,I Like Me Better,LAUV,5JZ7CnR6gTvEMKX4g70Amv,I met you when I was 18. (the playlist),197436,6,2022,,https://open.spotify.com/track/0EcQcdcbQeVJn9fknj44Be,2018,6145838.0,['pop'],17.0,72.0,91.972,0.505,9.0,1.0,4.0,0.255,0.753,0.419,0.534,0.104,2.58e-06,-7.621
0XER3HPMx223xWaAgNKp4Y,My Mind & Me,Selena Gomez,0C8ZW7ezQVs4URX5aX7Kqx,My Mind & Me,147597,59,2022,,https://open.spotify.com/track/0XER3HPMx223xWaAgNKp4Y,2022,48957669.0,"['pop', 'post-teen pop']",1.0,78.0,143.577,0.389,9.0,1.0,4.0,0.0337,0.6,0.244,0.566,0.0826,0.0,-5.727
0xLCa6dp0wmDUhkDGKzDpv,F.F.F. (feat. G-Eazy),"Bebe Rexha, G-Eazy",64M6ah0SkkRsnPGtGiRAbb,All Your Fault: Pt. 1,202400,53,2022,,https://open.spotify.com/track/0xLCa6dp0wmDUhkDGKzDpv,2017,9009684.0,"['dance pop', 'pop']",6.0,76.0,92.003,0.688,7.0,1.0,4.0,0.148,0.771,0.307,0.00954,0.0578,0.0,-5.515
2Rk4JlNc2TPmZe2af99d45,ME! (feat. Brendon Urie of Panic! At The Disco),"Taylor Swift, Brendon Urie, Panic! At The Disco",06HL4z0CvFAxyc27GXpf02,Lover,193000,75,2022,,https://open.spotify.com/track/2Rk4JlNc2TPmZe2af99d45,2019,108717184.0,['pop'],18.0,100.0,182.162,0.83,0.0,1.0,4.0,0.0571,0.61,0.728,0.033,0.118,0.0,-4.105
6ZxvapmYLdLdRCdIFR0NRQ,晚风告白,星野,0TCVoMXRAScM2rS0pvopLM,晚风告白,235178,0,2022,c-pop; chinese r&b; mandopop,https://open.spotify.com/track/6ZxvapmYLdLdRCdIFR0NRQ,2022,5881.0,['chinese viral pop'],2.0,42.0,111.998,0.512,3.0,1.0,4.0,0.0316,0.656,0.347,0.801,0.113,0.0,-8.897
2aTKrdenCq5qBOoJPFdn4P,Here's Your Perfect,Jamie Miller,2LkkwxA19J8C52wPQl5bG6,Here's Your Perfect,158594,75,2022,,https://open.spotify.com/track/2aTKrdenCq5qBOoJPFdn4P,2021,595506.0,"['pop soul', 'singer-songwriter pop']",4.0,63.0,113.12,0.454,6.0,1.0,4.0,0.0551,0.558,0.424,0.499,0.146,0.0,-5.335
7k7JKDjCd9zuL0iF7iWaNs,Empty Cups,Charlie Puth,6VuMaDnrHyPL1p4EHjYLi7,Voicenotes,170946,57,2022,soft pop,https://open.spotify.com/track/7k7JKDjCd9zuL0iF7iWaNs,2018,22462705.0,"['pop', 'viral pop']",13.0,76.0,100.035,0.555,4.0,1.0,4.0,0.0754,0.77,0.776,0.224,0.0754,1.78e-06,-6.361
4d2ZJ9W7dkQuITwUCTuD5n,never knew a heart could break itself,Zach Hood,5aHlyw2WWqZW0HLICBuv7U,never knew a heart could break itself,155223,62,2022,,https://open.spotify.com/track/4d2ZJ9W7dkQuITwUCTuD5n,2022,259094.0,"['alt z', 'gen z singer-songwriter', 'singer-songwriter pop']",1.0,52.0,78.949,0.454,9.0,1.0,4.0,0.0427,0.579,0.461,0.465,0.0997,0.0,-7.264
2N2s2s2w0jmSIPNZcm8Jnr,Hooked,Why Don't We,2jnIB6XdLvnJUeNTy5A0J2,8 Letters,204906,65,2022,,https://open.spotify.com/track/2N2s2s2w0jmSIPNZcm8Jnr,2018,3675806.0,"['boy band', 'pop']",8.0,63.0,180.016,0.624,1.0,1.0,4.0,0.0595,0.623,0.347,0.0941,0.119,0.0,-5.469
4hL76qNlq1v1kje7RpQGXT,Lotus Inn,Why Don't We,2jnIB6XdLvnJUeNTy5A0J2,The Good Times and The Bad Ones,195868,50,2022,,https://open.spotify.com/track/4hL76qNlq1v1kje7RpQGXT,2021,3675806.0,"['boy band', 'pop']",10.0,63.0,155.984,0.74,2.0,1.0,4.0,0.0721,0.578,0.495,0.0119,0.18,0.0,-5.08
28tY7rJ0st6uqlZ1ewDGI7,Parties,Jake Miller,3gggmBN0erstm3YJvEGe3t,2:00am in LA,169866,45,2022,,https://open.spotify.com/track/28tY7rJ0st6uqlZ1ewDGI7,2017,330092.0,"['indie pop rap', 'teen pop']",10.0,53.0,179.999,0.551,0.0,1.0,4.0,0.283,0.422,0.417,0.509,0.216,0.0,-8.549
4RX020eHQpZbZFP5jpbwOP,Coping,Rosie Darling,6kDXH8d9LugUAsHIozzDAI,Coping,190266,52,2022,,https://open.spotify.com/track/4RX020eHQpZbZFP5jpbwOP,2021,92330.0,['alt z'],6.0,51.0,82.79,0.444,6.0,1.0,4.0,0.125,0.432,0.209,0.605,0.104,0.0,-7.298
4qMu6LIImRJVbxB70bdFJj,Opposite Of Loving Me - Stripped,Etham,5fywYLnKJi950Y5yMqavxm,Opposite Of Loving Me (Stripped),211760,43,2022,,https://open.spotify.com/track/4qMu6LIImRJVbxB70bdFJj,2018,,,1.0,,144.963,0.292,7.0,0.0,4.0,0.0422,0.618,0.486,0.756,0.114,0.0,-10.826
7nuBN1pCPvpOFBn6CZ4bun,All I Do,NF,6fOMl44jA4Sp5b9PpYCkzz,Therapy Session,228493,49,2022,christian hip hop,https://open.spotify.com/track/7nuBN1pCPvpOFBn6CZ4bun,2016,9738766.0,"['hip hop', 'pop rap']",14.0,76.0,112.013,0.82,4.0,0.0,4.0,0.0462,0.744,0.342,0.0143,0.285,0.0,-4.82
5DHQKZCOZhGNTbYBCekWx0,Paralyzed,NF,6fOMl44jA4Sp5b9PpYCkzz,Mansion,270453,70,2022,christian hip hop,https://open.spotify.com/track/5DHQKZCOZhGNTbYBCekWx0,2015,9738766.0,"['hip hop', 'pop rap']",12.0,76.0,130.081,0.643,0.0,1.0,4.0,0.0485,0.51,0.0397,0.214,0.101,3.22e-06,-6.602
3rhcTGF7AK0QsSzMmLVkqu,Hard To Be Human,Anson Seabra,2jHp7gQArCQrlMvdrIVFCg,Hard To Be Human,170414,49,2022,,https://open.spotify.com/track/3rhcTGF7AK0QsSzMmLVkqu,2022,1002031.0,"['alt z', 'gen z singer-songwriter']",1.0,60.0,99.006,0.275,2.0,1.0,3.0,0.0312,0.703,0.204,0.893,0.203,4.4e-06,-12.665
5Ke5H0sjY4or70sK24HUYM,Saviour,"Hoaprox, YUAN, Haneri",3tuxyjTQrEDsF0pV0WbqyR,Saviour,172005,42,2022,v-pop,https://open.spotify.com/track/5Ke5H0sjY4or70sK24HUYM,2021,18544.0,['v-pop'],1.0,40.0,149.913,0.862,3.0,0.0,4.0,0.0345,0.636,0.274,0.0356,0.26,0.00506,-4.076
0eGiT6tI2kdeAuYEUpA57a,Fresh Outta Japan,Yasko,3rwCnThUOxkAUtru94z9NS,Fresh Outta Japan,116050,0,2022,,https://open.spotify.com/track/0eGiT6tI2kdeAuYEUpA57a,2021,3032.0,[],1.0,33.0,91.026,0.623,1.0,1.0,4.0,0.299,0.778,0.277,0.168,0.332,0.128,-3.596
50p8v7PAXUBoD5MzoZdr9s,she's all yours,Loote,00TKPo9MxwZ0j4ooveIxWZ,lost,161946,52,2022,,https://open.spotify.com/track/50p8v7PAXUBoD5MzoZdr9s,2019,218440.0,"['alt z', 'nyc pop']",5.0,49.0,157.791,0.662,6.0,1.0,4.0,0.0461,0.573,0.361,0.0561,0.148,0.0,-5.657
04ZTP5KsCypmtCmQg5tH9R,I'm a Mess,Bebe Rexha,64M6ah0SkkRsnPGtGiRAbb,Expectations,195519,74,2022,,https://open.spotify.com/track/04ZTP5KsCypmtCmQg5tH9R,2018,9009684.0,"['dance pop', 'pop']",14.0,76.0,97.005,0.694,11.0,0.0,4.0,0.0253,0.63,0.216,0.00281,0.0719,0.0,-6.257
5BrTUo0xP1wKXLJWUaGFtk,Loyal (feat. Lil Wayne & Tyga),"Chris Brown, Lil Wayne, Tyga",7bXgB6jMjp9ATFy66eO08Z,X (Expanded Edition),264938,82,2022,r&b,https://open.spotify.com/track/5BrTUo0xP1wKXLJWUaGFtk,2014,21475109.0,"['r&b', 'rap']",22.0,84.0,99.059,0.522,10.0,0.0,4.0,0.049,0.841,0.616,0.0168,0.188,1.37e-06,-5.963
5VOCNmhLyo0goDbA2DMAGs,Why Do I Love You,Westlife,5Z1CCuBsyhEHngq3U5IraY,World of Our Own (Expanded Edition),218146,62,2022,,https://open.spotify.com/track/5VOCNmhLyo0goDbA2DMAGs,2001,4022573.0,['boy band'],20.0,66.0,94.972,0.7,10.0,1.0,4.0,0.0249,0.648,0.743,0.0877,0.0992,0.0,-5.882
1kVYXfxTWSftIZtmYr6yH8,Coming In Hot,"Andy Mineo, Lecrae",1TMrnxBwZfmfRxsGzkNIHw,Coming In Hot,200168,58,2022,christian hip hop; christian,https://open.spotify.com/track/1kVYXfxTWSftIZtmYr6yH8,2018,578407.0,['christian hip hop'],1.0,55.0,140.025,0.453,8.0,1.0,4.0,0.261,0.889,0.428,0.0274,0.156,4.75e-06,-8.782
1bmEIZhodItI8Rl51GqeAP,Between Worlds,Roger Subirana,14UA2W7dCBfIp64NHejzpl,X I I,309624,33,2022,,https://open.spotify.com/track/1bmEIZhodItI8Rl51GqeAP,2013,3594.0,['commons'],15.0,13.0,149.998,0.256,1.0,1.0,4.0,0.036,0.324,0.134,0.766,0.0758,0.908,-13.966
762UXiwEHYY97VL45sAUPR,2U,"David Guetta, Justin Bieber",1Cs0zKBU1kc0i8ypK3B9ai,2U,194906,56,2022,edm,https://open.spotify.com/track/762UXiwEHYY97VL45sAUPR,2017,25391073.0,"['big room', 'dance pop', 'edm', 'pop', 'pop dance']",1.0,85.0,144.875,0.651,8.0,0.0,4.0,0.0594,0.551,0.562,0.225,0.224,0.0,-5.828
2j5hsQvApottzvTn4pFJWF,What Lovers Do (feat. SZA),"Maroon 5, SZA",04gDigrS5kc9YWfZHwBETP,Red Pill Blues (Deluxe),199849,71,2022,pop,https://open.spotify.com/track/2j5hsQvApottzvTn4pFJWF,2018,41278452.0,['pop'],16.0,82.0,110.001,0.597,5.0,0.0,4.0,0.0611,0.799,0.419,0.0788,0.1,5.66e-06,-5.131
4cZ3UsiKd1kUQIaq4BFIj2,No One Compares To You,Jack & Jack,1INuLZXjjVbcJRyWvD1iSq,A Good Friend Is Nice,182920,58,2022,,https://open.spotify.com/track/4cZ3UsiKd1kUQIaq4BFIj2,2019,1407974.0,"['pop', 'teen pop']",12.0,55.0,111.939,0.748,1.0,1.0,4.0,0.0434,0.7,0.631,0.127,0.0941,0.0,-6.044
1YgjYRt6PchrL1ujDAbc6P,Rage,"Paaus, Lukrative",52KV1Yn2CAbj1jCDFXh6Wy,Rage,196216,43,2022,,https://open.spotify.com/track/1YgjYRt6PchrL1ujDAbc6P,2018,3621.0,[],1.0,27.0,148.03,0.817,9.0,1.0,4.0,0.0766,0.864,0.191,0.0474,0.363,0.85,-0.849
3TtYw7YkiO2qDNvhgbG5jQ,Wake Me Up,"Tommee Profitt, Fleurie",73jlPRxT7z5xk29sMqFDjU,Covers (Vol. 1),312727,46,2022,,https://open.spotify.com/track/3TtYw7YkiO2qDNvhgbG5jQ,2020,255532.0,['anthem worship'],10.0,59.0,87.944,0.215,10.0,1.0,4.0,0.0386,0.308,0.16,0.94,0.107,5.46e-06,-11.028
1w4etUoKfql47wtTFq031f,玫瑰少年,Mayday,16s0YTFcyjP4kgFwt7ktrY,玫瑰少年,235333,52,2022,mandopop; taiwanese pop; c-pop; chinese rock; malay pop,https://open.spotify.com/track/1w4etUoKfql47wtTFq031f,2019,1863812.0,"['mandopop', 'taiwan pop']",1.0,58.0,95.98,0.705,6.0,0.0,4.0,0.0371,0.509,0.369,0.029,0.132,0.0,-7.448
3bwCMbwDZVtvJDnUTQIdCX,Beat It (feat. Chris Brown & Wiz Khalifa),"Sean Kingston, Chris Brown, Wiz Khalifa",6S0dmVVn4udvppDhZIWxCr,Back 2 Life,253453,75,2022,,https://open.spotify.com/track/3bwCMbwDZVtvJDnUTQIdCX,2013,3234830.0,"['dance pop', 'miami hip hop', 'pop']",11.0,68.0,198.12,0.637,1.0,1.0,4.0,0.109,0.477,0.555,0.00487,0.284,0.0,-5.386
5YfWlfg49W7u8wxKA1MBhD,To Love's End (Inuyasha),Eliott Tordo Erhu,0rmUBTBanC5DRv6ZpC1WHx,To Love's End (Inuyasha),149317,49,2022,,https://open.spotify.com/track/5YfWlfg49W7u8wxKA1MBhD,2021,25644.0,['erhu'],1.0,40.0,59.379,0.334,7.0,0.0,4.0,0.0384,0.213,0.0537,0.887,0.147,0.697,-12.787
72OVnXDzugvrCU25lMi9au,"如果可以 - 電影""月老""主題曲",WeiBird,7y3HnWCFEvWj4KM9GFSkiX,"如果可以 (電影""月老""主題曲)",274400,68,2022,mandopop; taiwanese pop; c-pop; chinese r&b; malay pop,https://open.spotify.com/track/72OVnXDzugvrCU25lMi9au,2021,401470.0,"['chinese r&b', 'mandopop', 'taiwan singer-songwriter']",1.0,54.0,74.969,0.54,3.0,1.0,4.0,0.029,0.54,0.372,0.241,0.351,0.0,-6.368
31JBtF1HCTZlFnmJDxZrD4,Beast Unleashed,Vin Jay,2DQkr7ZMTqNrlz5HcXZeI7,Beast Unleashed,120000,60,2022,,https://open.spotify.com/track/31JBtF1HCTZlFnmJDxZrD4,2018,112251.0,['nyc rap'],1.0,49.0,140.009,0.758,9.0,1.0,4.0,0.102,0.722,0.551,0.0532,0.452,0.0,-5.797
0hZAwaGhANCzy84BJHtILG,DIAMOND DALLAS.,Armani White,2qAwMsiIjTzlmfAkXKvhVA,DIAMOND DALLAS.,168117,53,2022,,https://open.spotify.com/track/0hZAwaGhANCzy84BJHtILG,2022,534212.0,['indie hip hop'],1.0,59.0,95.014,0.728,2.0,1.0,4.0,0.286,0.863,0.663,0.0633,0.574,0.0,-6.358
46MUbxLye12SKBN7xHg3CF,Control,"Unknown Brain, Jex, Rival",0okpgBQamDqOZazBeH0J3I,Control,166800,6,2022,,https://open.spotify.com/track/46MUbxLye12SKBN7xHg3CF,2018,331091.0,['gaming edm'],1.0,54.0,99.743,0.771,5.0,0.0,4.0,0.0644,0.544,0.301,0.00339,0.173,2.12e-05,-4.097
2RSHsoi04658QL5xgQVov3,Bad Liar,Imagine Dragons,53XhwfbYqKCa1cC15pYq2q,Origins (Deluxe),260773,84,2022,,https://open.spotify.com/track/2RSHsoi04658QL5xgQVov3,2018,52143090.0,"['modern rock', 'pop', 'rock']",15.0,84.0,177.913,0.637,3.0,1.0,4.0,0.0703,0.383,0.0827,0.0722,0.368,0.0,-6.993
4228YpK0ZZuY4CZzBDVi3q,moon and back,JVKE,164Uj4eKjl6zTBKfJLFKKK,this is what ____ feels like (Vol. 1-4),148298,62,2022,,https://open.spotify.com/track/4228YpK0ZZuY4CZzBDVi3q,2022,4251585.0,"['modern indie pop', 'pov: indie', 'singer-songwriter pop']",12.0,73.0,180.132,0.494,2.0,1.0,4.0,0.0722,0.594,0.486,0.571,0.206,2.48e-05,-4.262
4mzP5mHkRvGxdhdGdAH7EJ,Give Me Your Forever,Zack Tabudlo,67IN4cLJ7798gUapyZlmac,Episode,244800,71,2022,opm; harana; p-pop; kundiman; pinoy r&b; pinoy indie; parang,https://open.spotify.com/track/4mzP5mHkRvGxdhdGdAH7EJ,2021,4072499.0,"['acoustic opm', 'opm', 'p-pop']",14.0,65.0,99.905,0.363,8.0,1.0,4.0,0.0291,0.627,0.301,0.279,0.0928,0.0,-8.127
6yOxL1xfPkv9Z9zvpNrMDU,I Think I Like You,The Band CAMINO,6d4jrmreCmsenscuieJERc,The Band CAMINO,182658,63,2022,,https://open.spotify.com/track/6yOxL1xfPkv9Z9zvpNrMDU,2021,388107.0,"['hopebeat', 'pov: indie']",14.0,55.0,120.02,0.567,11.0,0.0,4.0,0.0425,0.806,0.644,0.00438,0.0427,0.0,-5.656
2YWtcWi3a83pdEg3Gif4Pd,I Think He Knows,Taylor Swift,06HL4z0CvFAxyc27GXpf02,Lover,173386,70,2022,,https://open.spotify.com/track/2YWtcWi3a83pdEg3Gif4Pd,2019,108717184.0,['pop'],18.0,100.0,100.003,0.366,0.0,1.0,4.0,0.0569,0.897,0.416,0.00889,0.0715,0.000353,-8.029
48f7LOHWir3VQoO06yoc95,Song About You,The Band CAMINO,6d4jrmreCmsenscuieJERc,The Band CAMINO,158948,56,2022,,https://open.spotify.com/track/48f7LOHWir3VQoO06yoc95,2021,388107.0,"['hopebeat', 'pov: indie']",14.0,55.0,119.003,0.801,8.0,1.0,4.0,0.0336,0.617,0.426,0.0254,0.105,2.07e-06,-5.766
4pvb0WLRcMtbPGmtejJJ6y,exile (feat. Bon Iver),"Taylor Swift, Bon Iver",06HL4z0CvFAxyc27GXpf02,folklore,285634,81,2022,,https://open.spotify.com/track/4pvb0WLRcMtbPGmtejJJ6y,2020,108717184.0,['pop'],16.0,100.0,75.602,0.38,6.0,1.0,4.0,0.0287,0.298,0.152,0.778,0.11,5.62e-05,-8.426
3RaT22zZsxVYxxKR7TAaYF,"no body, no crime (feat. HAIM)","Taylor Swift, HAIM",06HL4z0CvFAxyc27GXpf02,evermore,215626,63,2022,,https://open.spotify.com/track/3RaT22zZsxVYxxKR7TAaYF,2020,108717184.0,['pop'],15.0,100.0,79.015,0.613,7.0,0.0,4.0,0.0264,0.546,0.535,0.418,0.103,0.0,-7.589
5ZSl6gDoV6bPPxzmLeneV9,Rise,"Jonas Blue, Jack & Jack",1HBjj22wzbscIZ9sEb5dyf,Blue,194407,75,2022,tropical house,https://open.spotify.com/track/5ZSl6gDoV6bPPxzmLeneV9,2018,3724571.0,"['pop', 'pop dance', 'tropical house', 'uk dance']",15.0,70.0,106.046,0.785,1.0,1.0,4.0,0.0333,0.687,0.655,0.327,0.203,0.0,-4.65
7jEyX4bqaCSdMN4D4JNnVj,Mama,"Jonas Blue, William Singe",1HBjj22wzbscIZ9sEb5dyf,Blue,184133,76,2022,tropical house,https://open.spotify.com/track/7jEyX4bqaCSdMN4D4JNnVj,2018,3724571.0,"['pop', 'pop dance', 'tropical house', 'uk dance']",15.0,70.0,104.014,0.794,11.0,0.0,4.0,0.0416,0.738,0.566,0.101,0.0533,0.0,-4.118
0ErzcmZ2gIwX7X0xSMQPix,BOSS,"NCT, NCT U",48eO052eSDcn8aTxiv6QaG,NCT 2018 EMPATHY,210641,61,2022,k-pop; noise music,https://open.spotify.com/track/0ErzcmZ2gIwX7X0xSMQPix,2018,6255791.0,"['k-pop', 'k-pop boy group']",14.0,51.0,99.026,0.543,10.0,0.0,4.0,0.037,0.787,0.332,0.0233,0.0861,0.0,-6.7
2nMeu6UenVvwUktBCpLMK9,Young And Beautiful,Lana Del Rey,00FQb4jTyendYWaN8pK0wa,Young And Beautiful,236053,90,2022,,https://open.spotify.com/track/2nMeu6UenVvwUktBCpLMK9,2013,34475456.0,"['art pop', 'pop']",1.0,87.0,113.986,0.416,11.0,0.0,4.0,0.0368,0.324,0.151,0.262,0.11,3.69e-05,-8.92
2IClzYyvgwrsmVVipYsx5T,Love You Like That,Dagny,6Paz0vXJJ9bCPf0fEm3qzg,Love You Like That,177946,52,2022,norwegian pop,https://open.spotify.com/track/2IClzYyvgwrsmVVipYsx5T,2017,173381.0,['norwegian pop'],1.0,53.0,93.981,0.71,8.0,1.0,4.0,0.044,0.623,0.29,0.00655,0.133,4.11e-06,-5.973
6wmAHw1szh5RCKSRjiXhPe,How Long,Charlie Puth,6VuMaDnrHyPL1p4EHjYLi7,Voicenotes,200853,80,2022,soft pop,https://open.spotify.com/track/6wmAHw1szh5RCKSRjiXhPe,2018,22462705.0,"['pop', 'viral pop']",13.0,76.0,109.974,0.561,1.0,0.0,4.0,0.0778,0.845,0.811,0.211,0.0383,3.49e-06,-5.253
6pYNq0ZwpPVazKzsqpf0G8,The Very First Night (Taylor's Version) (From The Vault),Taylor Swift,06HL4z0CvFAxyc27GXpf02,Red (Taylor's Version),200280,68,2022,,https://open.spotify.com/track/6pYNq0ZwpPVazKzsqpf0G8,2021,108717184.0,['pop'],30.0,100.0,121.009,0.733,7.0,1.0,4.0,0.0281,0.678,0.581,0.00115,0.104,0.0,-5.025
3PWKPX3YJAHBL8JozsWTMC,Your Side Of The Bed,Loote,00TKPo9MxwZ0j4ooveIxWZ,single.,197146,55,2022,,https://open.spotify.com/track/3PWKPX3YJAHBL8JozsWTMC,2018,218440.0,"['alt z', 'nyc pop']",7.0,49.0,109.915,0.742,8.0,1.0,4.0,0.0296,0.781,0.91,0.0649,0.293,0.0,-4.978
7I7JbDv63ZJJsSi24DyJrz,Dancing With Our Hands Tied,Taylor Swift,06HL4z0CvFAxyc27GXpf02,reputation,211506,71,2022,,https://open.spotify.com/track/7I7JbDv63ZJJsSi24DyJrz,2017,108717184.0,['pop'],15.0,100.0,160.024,0.691,0.0,0.0,4.0,0.196,0.624,0.284,0.0604,0.138,1.1e-05,-6.686
4ztw0mBC6VBiLV79yRHDQW,Be Okay (with HRVY),"R3HAB, HRVY",6cEuCEZu7PAE9ZSzLLc2oQ,Be Okay (with HRVY),141600,0,2022,slap house; edm,https://open.spotify.com/track/4ztw0mBC6VBiLV79yRHDQW,2020,2509124.0,"['dutch house', 'edm', 'electro house', 'pop dance', 'progressive electro house', 'slap house']",1.0,72.0,100.066,0.558,8.0,1.0,4.0,0.0786,0.73,0.618,0.0179,0.128,0.0,-6.535
2IRZnDFmlqMuOrYOLnZZyc,Going Bad (feat. Drake),"Meek Mill, Drake",20sxb77xiYeusSH8cVdatc,Championships,180522,80,2022,rap,https://open.spotify.com/track/2IRZnDFmlqMuOrYOLnZZyc,2018,7780030.0,"['hip hop', 'philly rap', 'pop rap', 'rap', 'southern hip hop', 'trap']",19.0,70.0,86.003,0.496,4.0,0.0,4.0,0.0905,0.889,0.544,0.259,0.252,0.0,-6.365
5xIwgIwX70gP1hJ2QLu63W,Thought Of You,Justin Bieber,1uNFoZAHBGtllmzznpCI3s,Believe,230106,56,2022,,https://open.spotify.com/track/5xIwgIwX70gP1hJ2QLu63W,2012,74608422.0,"['canadian pop', 'pop']",13.0,86.0,123.223,0.705,2.0,1.0,4.0,0.031,0.697,0.57,0.0094,0.105,6.61e-06,-5.032
7pAq1IXYZpL42HchCminu6,Don't Hold Your Breath,Nicole Scherzinger,40xbWSB4JPdOkRyuTDy1oP,Killer Love,197440,58,2022,,https://open.spotify.com/track/7pAq1IXYZpL42HchCminu6,2011,2383899.0,"['dance pop', 'pop', 'post-teen pop']",14.0,58.0,110.955,0.797,5.0,0.0,4.0,0.0262,0.66,0.674,0.00646,0.187,0.000108,-6.096
5xvUgoVED1F4mBu8FL0HaW,Ready or Not,Bridgit Mendler,4VhL8KLjVso4vLfOLVViTb,Hello My Name Is...,200946,73,2022,,https://open.spotify.com/track/5xvUgoVED1F4mBu8FL0HaW,2012,1323602.0,"['pop', 'post-teen pop']",12.0,58.0,93.043,0.872,2.0,1.0,4.0,0.0509,0.715,0.748,0.00351,0.107,3.84e-05,-3.835
6la3Kme7O7D01fJPxgpAS5,訣愛 (劇集《蒼蘭訣》片頭曲),Faye 詹雯婷,7hmSHY9HVVQKejpGbPbo16,訣愛,189295,62,2022,gufeng; mandopop; c-pop; taiwanese pop; chinese hip hop,https://open.spotify.com/track/6la3Kme7O7D01fJPxgpAS5,2022,34672.0,['taiwan singer-songwriter'],1.0,43.0,142.026,0.62,11.0,1.0,4.0,0.0365,0.45,0.169,0.313,0.0672,0.0,-6.492
66j2OBnDLsHGk039kMB4hH,Take All Night,Conor Matthews,5iWU68xnsNiacwbt1fYEcq,Balloons,162352,52,2022,,https://open.spotify.com/track/66j2OBnDLsHGk039kMB4hH,2020,67301.0,['chill pop'],4.0,42.0,169.969,0.831,1.0,0.0,4.0,0.0594,0.576,0.472,0.413,0.388,0.0,-4.919
3g5WeIzhUqA4aXeSCUBwo4,Midnight Flight,Conor Matthews,5iWU68xnsNiacwbt1fYEcq,Midnight Flight,179983,52,2022,,https://open.spotify.com/track/3g5WeIzhUqA4aXeSCUBwo4,2019,67301.0,['chill pop'],1.0,42.0,80.025,0.612,8.0,1.0,4.0,0.0561,0.619,0.372,0.373,0.155,0.0,-5.469
2xtIAFJIMkzHGHiCrJ9iwd,Lolly,"Maejor, Juicy J, Justin Bieber",3XcCT5MPlQPWFTJyzXbfuX,Lolly,225506,71,2022,,https://open.spotify.com/track/2xtIAFJIMkzHGHiCrJ9iwd,2013,97254.0,['detroit hip hop'],1.0,55.0,152.186,0.889,1.0,1.0,4.0,0.303,0.663,0.837,0.0376,0.784,0.0,-2.975
2QJnTfMpNG05KFf2E3gVIJ,Go Hard or Go Home,"Wiz Khalifa, Iggy Azalea",137W8MRPWKqSmrBGDBFSop,Furious 7: Original Motion Picture Soundtrack,232772,59,2022,,https://open.spotify.com/track/2QJnTfMpNG05KFf2E3gVIJ,2015,10937661.0,"['hip hop', 'pittsburgh rap', 'pop rap', 'rap', 'southern hip hop', 'trap']",16.0,78.0,168.02,0.741,4.0,0.0,4.0,0.0408,0.651,0.386,0.00293,0.217,1.2e-05,-5.067
5f1joOtoMeyppIcJGZQvqJ,Be Like That - feat. Swae Lee & Khalid,"Kane Brown, Swae Lee, Khalid",3oSJ7TBVCWMDMiYjXNiCKE,Be Like That (feat. Swae Lee & Khalid),191406,69,2022,country; pop country,https://open.spotify.com/track/5f1joOtoMeyppIcJGZQvqJ,2020,5344762.0,"['black americana', 'contemporary country', 'country', 'country road']",1.0,70.0,86.97,0.626,7.0,1.0,4.0,0.0726,0.727,0.322,0.0469,0.126,2.58e-05,-8.415
1brnLTvarI9D1hLP6z2Ar8,Thank God,"Kane Brown, Katelyn Brown",3oSJ7TBVCWMDMiYjXNiCKE,Different Man,174560,71,2022,country; pop country,https://open.spotify.com/track/1brnLTvarI9D1hLP6z2Ar8,2022,5344762.0,"['black americana', 'contemporary country', 'country', 'country road']",17.0,70.0,99.945,0.455,3.0,1.0,4.0,0.0352,0.738,0.441,0.695,0.107,0.0,-8.735
6Uj1ctrBOjOas8xZXGqKk4,Woman,Doja Cat,5cj0lLjcoR7YOSnhnX0Po5,Planet Her,172626,87,2022,,https://open.spotify.com/track/6Uj1ctrBOjOas8xZXGqKk4,2021,29593426.0,"['dance pop', 'pop']",14.0,84.0,107.998,0.764,5.0,0.0,4.0,0.0854,0.824,0.881,0.0888,0.117,0.00294,-4.175
0WtM2NBVQNNJLh6scP13H8,Calm Down (with Selena Gomez),"Rema, Selena Gomez",46pWGuE3dSwY3bMMXGBvVS,Calm Down (with Selena Gomez),239317,82,2022,afrobeats; afrobeat; afropop; afropiano,https://open.spotify.com/track/0WtM2NBVQNNJLh6scP13H8,2022,4365696.0,"['afrobeats', 'nigerian pop']",1.0,73.0,106.999,0.806,11.0,1.0,4.0,0.0381,0.801,0.802,0.382,0.114,0.000669,-5.206
3nqQXoyQOWXiESFLlDF1hG,Unholy (feat. Kim Petras),"Sam Smith, Kim Petras",2wY79sveU1sp5g7SokKOiI,Unholy (feat. Kim Petras),156943,78,2022,soft pop,https://open.spotify.com/track/3nqQXoyQOWXiESFLlDF1hG,2022,23564522.0,"['pop', 'uk pop']",1.0,80.0,131.121,0.472,2.0,1.0,4.0,0.0864,0.714,0.238,0.013,0.266,4.51e-06,-7.375
4nivAUgvOrWdkv44kjAlxs,天空沒有極限,G.E.M.,7aRC4L63dBn3CiLDuWaLSI,啓示錄,279704,63,2022,mandopop; c-pop; cantopop; taiwanese pop; gufeng; malay pop,https://open.spotify.com/track/4nivAUgvOrWdkv44kjAlxs,2022,2694281.0,['mandopop'],14.0,60.0,133.886,0.742,11.0,1.0,4.0,0.0393,0.539,0.182,0.188,0.131,0.000176,-4.415
24OeEKPQ8qqNZnPevRHxUT,Red Eye (feat. TroyBoi),"Justin Bieber, TroyBoi",1uNFoZAHBGtllmzznpCI3s,Justice (The Complete Edition),187452,67,2022,,https://open.spotify.com/track/24OeEKPQ8qqNZnPevRHxUT,2021,74608422.0,"['canadian pop', 'pop']",25.0,86.0,96.033,0.816,5.0,0.0,4.0,0.0513,0.815,0.774,0.0501,0.0761,0.000887,-4.393
5wOWpaKW92jhcm8pBOlrdR,Blah Blah Blah,ITZY,2KC9Qb60EaY0kW4eH68vr3,Blah Blah Blah,185533,45,2022,k-pop,https://open.spotify.com/track/5wOWpaKW92jhcm8pBOlrdR,2022,7139826.0,"['k-pop', 'k-pop girl group']",1.0,69.0,115.961,0.899,3.0,0.0,4.0,0.192,0.842,0.881,0.0238,0.345,0.0,-4.169
6Ib6RkvLBMD85bov85apSL,DOMINO,Stray Kids,2dIgFjalVxs4ThymZ67YCE,NOEASY,198720,69,2022,k-pop; noise music,https://open.spotify.com/track/6Ib6RkvLBMD85bov85apSL,2021,15173090.0,"['k-pop', 'k-pop boy group', 'pop']",14.0,79.0,160.066,0.866,7.0,1.0,4.0,0.0466,0.687,0.696,0.0301,0.0755,0.0,-2.01
4QDpsNBlllaLGj8zbF2EE0,Charmer,Stray Kids,2dIgFjalVxs4ThymZ67YCE,ODDINARY,188573,69,2022,k-pop; noise music,https://open.spotify.com/track/4QDpsNBlllaLGj8zbF2EE0,2022,15173090.0,"['k-pop', 'k-pop boy group', 'pop']",7.0,79.0,90.963,0.762,1.0,1.0,4.0,0.0519,0.786,0.731,0.0524,0.0971,1.04e-05,-2.508
4XPXrcpyNr30Km6aPiflJy,God’s Menu,Stray Kids,2dIgFjalVxs4ThymZ67YCE,GO LIVE,167922,77,2022,k-pop; noise music,https://open.spotify.com/track/4XPXrcpyNr30Km6aPiflJy,2020,15173090.0,"['k-pop', 'k-pop boy group', 'pop']",14.0,79.0,157.052,0.771,5.0,1.0,4.0,0.0548,0.689,0.482,0.00776,0.521,0.0,-3.618
35sE2Ehvd1GzBzAIC0zFIu,HEYDAY (Prod. Czaer),Stray Kids,2dIgFjalVxs4ThymZ67YCE,Street Man Fighter Original Vol.4 (Crew Songs),144773,62,2022,k-pop; noise music,https://open.spotify.com/track/35sE2Ehvd1GzBzAIC0zFIu,2022,15173090.0,"['k-pop', 'k-pop boy group', 'pop']",7.0,79.0,137.97,0.808,2.0,1.0,4.0,0.156,0.892,0.701,0.0335,0.0363,0.0,-3.343
40uMIn2zJLAQhNXghRjBed,Motley Crew,Post Malone,246dkjvS1zLTtiykXe5h60,Motley Crew,184213,70,2022,,https://open.spotify.com/track/40uMIn2zJLAQhNXghRjBed,2021,43611311.0,"['dfw rap', 'melodic rap', 'pop', 'rap']",1.0,86.0,129.915,0.631,3.0,0.0,4.0,0.0786,0.797,0.288,0.0904,0.0998,3.71e-06,-3.818
27ZZdyTSQWI7Cug2d2PkqV,BILLIE EILISH.,Armani White,2qAwMsiIjTzlmfAkXKvhVA,BILLIE EILISH.,99282,67,2022,,https://open.spotify.com/track/27ZZdyTSQWI7Cug2d2PkqV,2022,534212.0,['indie hip hop'],1.0,59.0,100.007,0.509,1.0,1.0,4.0,0.257,0.9,0.765,0.115,0.0937,1.67e-06,-6.647
41jbfiun1Ec1ZWRpzXnirp,Let Me Out,"Feenixpawl, dreamr., ANVY",5FvlJcXnFIm72pgQtW3Dct,Let Me Out,180000,0,2022,edm,https://open.spotify.com/track/41jbfiun1Ec1ZWRpzXnirp,2021,25667.0,"['australian dance', 'pop edm', 'progressive electro house', 'sky room']",1.0,46.0,120.077,0.651,9.0,1.0,4.0,0.0604,0.605,0.365,0.0164,0.0612,2.07e-06,-7.794
0zRezEuKtaAXHcB4eruwi2,I Don’t Think That I Like Her,Charlie Puth,6VuMaDnrHyPL1p4EHjYLi7,I Don’t Think That I Like Her,188507,0,2022,soft pop,https://open.spotify.com/track/0zRezEuKtaAXHcB4eruwi2,2022,22462705.0,"['pop', 'viral pop']",1.0,76.0,186.073,0.548,8.0,0.0,4.0,0.0339,0.587,0.713,0.396,0.109,0.0,-5.846
6TVqffNTpDAlfCtDIKyFbZ,Marathon,"Connor Price, 4Korners",5zixe6AbgXPqt4c1uSl94L,Marathon,136062,60,2022,,https://open.spotify.com/track/6TVqffNTpDAlfCtDIKyFbZ,2021,1293601.0,['singer-songwriter pop'],1.0,71.0,87.007,0.405,0.0,0.0,4.0,0.199,0.855,0.522,0.0415,0.209,8.39e-06,-10.189
2CeXStJg0MonHsyFh20H25,Dracula,The Underachievers,51Pn4gGnZuyOMDfIT1Zy3N,Dracula,123870,37,2022,,https://open.spotify.com/track/2CeXStJg0MonHsyFh20H25,2020,,,1.0,,185.893,0.568,1.0,0.0,3.0,0.497,0.502,0.588,0.453,0.11,0.0,-7.872
7g9DNzAU2QP88rE4BgIJpp,Zim Zimma,Joyner Lucas,6C1ohJrd5VydigQtaGy5Wa,Evolution,239702,61,2022,,https://open.spotify.com/track/7g9DNzAU2QP88rE4BgIJpp,2020,2213300.0,"['boston hip hop', 'hip hop', 'pop rap', 'rap']",12.0,69.0,149.052,0.621,11.0,0.0,4.0,0.212,0.883,0.676,0.0871,0.499,0.0,-6.063
3bEkAkaKjxaC7DubsfCo1t,From the Ashes,"ILLENIUM, Skylar Grey",45eNHdiiabvmbp4erw26rg,From The Ashes,253983,45,2022,melodic bass; future bass; edm,https://open.spotify.com/track/3bEkAkaKjxaC7DubsfCo1t,2022,1492758.0,"['edm', 'melodic dubstep', 'pop dance']",1.0,68.0,154.858,0.789,2.0,1.0,4.0,0.0566,0.404,0.159,0.0243,0.226,0.000231,-4.516
0ARKW62l9uWIDYMZTUmJHF,Shut Down,BLACKPINK,41MozSoPIsD1dJM0CLPjZF,BORN PINK,175889,68,2022,k-pop,https://open.spotify.com/track/0ARKW62l9uWIDYMZTUmJHF,2022,48579370.0,"['k-pop', 'k-pop girl group', 'pop']",8.0,78.0,110.058,0.686,0.0,1.0,3.0,0.038,0.82,0.668,0.00412,0.184,0.0,-5.102
0L8LOav65XwLjCLS11gNPD,Typa Girl,BLACKPINK,41MozSoPIsD1dJM0CLPjZF,BORN PINK,179172,69,2022,k-pop,https://open.spotify.com/track/0L8LOav65XwLjCLS11gNPD,2022,48579370.0,"['k-pop', 'k-pop girl group', 'pop']",8.0,78.0,131.984,0.621,7.0,1.0,4.0,0.1,0.915,0.527,0.0745,0.628,0.0,-6.519
0e7ipj03S05BNilyu5bRzt,rockstar (feat. 21 Savage),"Post Malone, 21 Savage",246dkjvS1zLTtiykXe5h60,beerbongs & bentleys,218146,85,2022,,https://open.spotify.com/track/0e7ipj03S05BNilyu5bRzt,2018,43611311.0,"['dfw rap', 'melodic rap', 'pop', 'rap']",18.0,86.0,159.801,0.52,5.0,0.0,4.0,0.0712,0.585,0.129,0.124,0.131,7.01e-05,-6.136
3RauEVgRgj1IuWdJ9fDs70,The Man,Taylor Swift,06HL4z0CvFAxyc27GXpf02,Lover,190360,79,2022,,https://open.spotify.com/track/3RauEVgRgj1IuWdJ9fDs70,2019,108717184.0,['pop'],18.0,100.0,110.048,0.658,0.0,1.0,4.0,0.054,0.777,0.633,0.0767,0.0901,0.0,-5.191
0O6u0VJ46W86TxN9wgyqDj,I Like You (A Happier Song) (with Doja Cat),"Post Malone, Doja Cat",246dkjvS1zLTtiykXe5h60,Twelve Carat Toothache,192840,79,2022,,https://open.spotify.com/track/0O6u0VJ46W86TxN9wgyqDj,2022,43611311.0,"['dfw rap', 'melodic rap', 'pop', 'rap']",14.0,86.0,100.964,0.67,5.0,1.0,4.0,0.0751,0.733,0.472,0.121,0.121,0.0,-6.009
6xGMrc6adNDrMeOnBG0zxI,平行世界,G.E.M.,7aRC4L63dBn3CiLDuWaLSI,平行世界,247066,41,2022,mandopop; c-pop; cantopop; taiwanese pop; gufeng; malay pop,https://open.spotify.com/track/6xGMrc6adNDrMeOnBG0zxI,2021,2694281.0,['mandopop'],1.0,60.0,217.403,0.54,2.0,0.0,4.0,0.067,0.275,0.118,0.0851,0.099,0.0,-7.951
22bPsP2jCgbLUvh82U0Z3M,The Way I Loved You (Taylor’s Version),Taylor Swift,06HL4z0CvFAxyc27GXpf02,Fearless (Taylor's Version),243136,78,2022,,https://open.spotify.com/track/22bPsP2jCgbLUvh82U0Z3M,2021,108717184.0,['pop'],26.0,100.0,161.032,0.732,5.0,1.0,4.0,0.0484,0.402,0.472,0.0033,0.108,0.0,-4.665
7nthiiDfS9WHNHDMwmAz98,BTBT,"B.I, Soulja Boy, DeVita",0UntV1Bw2hk3fbRrm9eMP6,BTBT,219549,1,2022,k-pop; k-rap,https://open.spotify.com/track/7nthiiDfS9WHNHDMwmAz98,2022,795689.0,['k-pop'],1.0,55.0,109.967,0.663,9.0,0.0,4.0,0.175,0.766,0.509,0.334,0.117,0.0,-6.932
6I2tqFhk8tq69iursYxuxd,HOT,SEVENTEEN,7nqOGRxlXj7N2JYbgNEjYH,Face the Sun,197586,70,2022,k-pop,https://open.spotify.com/track/6I2tqFhk8tq69iursYxuxd,2022,11246705.0,"['k-pop', 'k-pop boy group']",9.0,76.0,111.944,0.777,5.0,0.0,4.0,0.0399,0.765,0.64,0.0539,0.338,2.58e-06,-4.376
0Oe49j06Bjrxs8PltuVeaW,On The Floor - Radio Edit,"Jennifer Lopez, Pitbull",2DlGxzQSjYe5N6G9nkYghR,On The Floor,230906,83,2022,,https://open.spotify.com/track/0Oe49j06Bjrxs8PltuVeaW,2011,12803600.0,"['dance pop', 'pop', 'urban contemporary']",1.0,72.0,130.007,0.686,11.0,1.0,4.0,0.0792,0.758,0.444,0.0848,0.142,0.00127,-6.346
6FE2iI43OZnszFLuLtvvmg,Classic,MKTO,2l35CQqtYRh3d8ZIiBep4v,MKTO,175426,84,2022,,https://open.spotify.com/track/6FE2iI43OZnszFLuLtvvmg,2012,1054520.0,"['pop', 'post-teen pop']",11.0,63.0,102.071,0.791,1.0,1.0,4.0,0.124,0.72,0.756,0.0384,0.157,0.0,-4.689
00LvoGJplEaTcFLC0wIrQ9,冰河時代,G.E.M.,7aRC4L63dBn3CiLDuWaLSI,冰河時代,210785,42,2022,mandopop; c-pop; cantopop; taiwanese pop; gufeng; malay pop,https://open.spotify.com/track/00LvoGJplEaTcFLC0wIrQ9,2022,2694281.0,['mandopop'],1.0,60.0,129.947,0.569,7.0,0.0,4.0,0.0367,0.619,0.207,0.11,0.105,2.64e-05,-7.393
